This is XeTeX, Version 3.141592653-2.6-0.999996 (TeX Live 2024) (preloaded format=xelatex 2024.11.18)  15 JUL 2025 00:28
entering extended mode
 restricted \write18 enabled.
 %&-line parsing enabled.
**Waldron-CoreCase2.tex
(./Waldron-CoreCase2.tex
LaTeX2e <2023-11-01> patch level 1
L3 programming layer <2024-02-20>
(/usr/local/texlive/2024/texmf-dist/tex/latex/base/article.cls
Document Class: article 2023/05/17 v1.4n Standard LaTeX document class
(/usr/local/texlive/2024/texmf-dist/tex/latex/base/size12.clo
File: size12.clo 2023/05/17 v1.4n Standard LaTeX file (size option)
)
\c@part=\count184
\c@section=\count185
\c@subsection=\count186
\c@subsubsection=\count187
\c@paragraph=\count188
\c@subparagraph=\count189
\c@figure=\count190
\c@table=\count191
\abovecaptionskip=\skip48
\belowcaptionskip=\skip49
\bibindent=\dimen140
)
(/usr/local/texlive/2024/texmf-dist/tex/generic/babel/babel.sty
Package: babel 2024/02/07 v24.2 The Babel package
\babel@savecnt=\count192
\U@D=\dimen141
\l@unhyphenated=\language89

(/usr/local/texlive/2024/texmf-dist/tex/generic/babel/xebabel.def)
\bbl@readstream=\read2
\bbl@dirlevel=\count193

(/usr/local/texlive/2024/texmf-dist/tex/generic/babel-english/english.ldf
Language: english 2017/06/06 v3.3r English support from the babel system
Package babel Info: Hyphen rules for 'canadian' set to \l@english
(babel)             (\language0). Reported on input line 102.
Package babel Info: Hyphen rules for 'australian' set to \l@ukenglish
(babel)             (\language23). Reported on input line 105.
Package babel Info: Hyphen rules for 'newzealand' set to \l@ukenglish
(babel)             (\language23). Reported on input line 108.
))
(/usr/local/texlive/2024/texmf-dist/tex/generic/babel/locale/en/babel-english.t
ex
Package babel Info: Importing font and identification data for english
(babel)             from babel-en.ini. Reported on input line 11.
) (/usr/local/texlive/2024/texmf-dist/tex/latex/fontspec/fontspec.sty
(/usr/local/texlive/2024/texmf-dist/tex/latex/l3packages/xparse/xparse.sty
(/usr/local/texlive/2024/texmf-dist/tex/latex/l3kernel/expl3.sty
Package: expl3 2024-02-20 L3 programming layer (loader) 

(/usr/local/texlive/2024/texmf-dist/tex/latex/l3backend/l3backend-xetex.def
File: l3backend-xetex.def 2024-02-20 L3 backend support: XeTeX
\g__graphics_track_int=\count194
\l__pdf_internal_box=\box51
\g__pdf_backend_object_int=\count195
\g__pdf_backend_annotation_int=\count196
\g__pdf_backend_link_int=\count197
))
Package: xparse 2024-02-18 L3 Experimental document command parser
)
Package: fontspec 2024/02/13 v2.9a Font selection for XeLaTeX and LuaLaTeX

(/usr/local/texlive/2024/texmf-dist/tex/latex/fontspec/fontspec-xetex.sty
Package: fontspec-xetex 2024/02/13 v2.9a Font selection for XeLaTeX and LuaLaTe
X
\l__fontspec_script_int=\count198
\l__fontspec_language_int=\count199
\l__fontspec_strnum_int=\count266
\l__fontspec_tmp_int=\count267
\l__fontspec_tmpa_int=\count268
\l__fontspec_tmpb_int=\count269
\l__fontspec_tmpc_int=\count270
\l__fontspec_em_int=\count271
\l__fontspec_emdef_int=\count272
\l__fontspec_strong_int=\count273
\l__fontspec_strongdef_int=\count274
\l__fontspec_tmpa_dim=\dimen142
\l__fontspec_tmpb_dim=\dimen143
\l__fontspec_tmpc_dim=\dimen144

(/usr/local/texlive/2024/texmf-dist/tex/latex/base/fontenc.sty
Package: fontenc 2021/04/29 v2.0v Standard LaTeX package
)
(/usr/local/texlive/2024/texmf-dist/tex/latex/fontspec/fontspec.cfg)))
(/usr/local/texlive/2024/texmf-dist/tex/latex/cjk-ko/kotex.sty
Package: kotex 2015/04/19 v1.6 Korean TeX (ko.TeX)

(/usr/local/texlive/2024/texmf-dist/tex/latex/kotex-utf/kotex.cfg)
(/usr/local/texlive/2024/texmf-dist/tex/xetex/xetexko/xetexko.sty
Package: xetexko 2024/03/01 v4.3 typesetting Korean with XeTeX
\XeTeXcharclassID=\XeTeXcharclass4
\XeTeXcharclassCJ=\XeTeXcharclass5
\XeTeXcharclassOP=\XeTeXcharclass6
\XeTeXcharclassCL=\XeTeXcharclass7
\XeTeXcharclassEX=\XeTeXcharclass8
\XeTeXcharclassCM=\XeTeXcharclass9

(/usr/local/texlive/2024/texmf-dist/tex/generic/unicode-data/load-unicode-xetex
-classes.tex 
load-unicode-xetex-classes.tex v1.17 (2023-09-18)
Reading Unicode east Asian character class data
# LineBreak-15.1.0.txt 
# Date: 2023-07-28, 13:19:22 GMT [KW] 
# EastAsianWidth-15.1.0.txt 
# Date: 2023-07-28, 23:34:08 GMT 
)
\XeTeXcharclassHG=\XeTeXcharclass10
\XeTeXcharclassJJ=\XeTeXcharclass11
\XeTeXcharclassMD=\XeTeXcharclass12
\XeTeXcharclassFS=\XeTeXcharclass13
\XeTeXcharclassLD=\XeTeXcharclass14
\XeTeXcharclassSY=\XeTeXcharclass15
\XeTeXcharclassAO=\XeTeXcharclass16
\XeTeXcharclassAC=\XeTeXcharclass17
\XeTeXcharclassAM=\XeTeXcharclass18
\XeTeXcharclassAH=\XeTeXcharclass19
\XeTeXcharclassAP=\XeTeXcharclass20
\XeTeXcharclassVC=\XeTeXcharclass21
\XeKo@toks@=\toks17
\XeKo@toks@ii=\toks18
\XeKo@skip@=\skip50
\XeKo@count@=\count275
\XeKo@dimen@=\dimen145
\XeKo@box@=\box52
\XeKo@dotemph@box=\box53
 (/usr/local/texlive/2024/texmf-dist/tex/latex/cjk-ko/kolabels-utf.sty
Package: kolabels-utf 2015/03/20 v1.5 UTF-8 Hangul item labels
)))
(/usr/local/texlive/2024/texmf-dist/tex/latex/libertinus/libertinus.sty
Package: libertinus 2020/05/06 v. 0.02 (Herbert Voss) Supports libertinus fonts
 for pdflatex/lualatex/xelatex

(/usr/local/texlive/2024/texmf-dist/tex/generic/iftex/iftex.sty
Package: iftex 2022/02/03 v1.0f TeX engine tests
)
(/usr/local/texlive/2024/texmf-dist/tex/latex/xkeyval/xkeyval.sty
Package: xkeyval 2022/06/16 v2.9 package option processing (HA)

(/usr/local/texlive/2024/texmf-dist/tex/generic/xkeyval/xkeyval.tex
(/usr/local/texlive/2024/texmf-dist/tex/generic/xkeyval/xkvutils.tex
\XKV@toks=\toks19
\XKV@tempa@toks=\toks20

(/usr/local/texlive/2024/texmf-dist/tex/generic/xkeyval/keyval.tex))
\XKV@depth=\count276
File: xkeyval.tex 2014/12/03 v2.7a key=value parser (HA)
))
(/usr/local/texlive/2024/texmf-dist/tex/latex/libertinus-otf/libertinus-otf.sty
Package: libertinus-otf 2023/09/21 v. 0.32 (Herbert Voss) Supports libertinus f
onts for lualatex and xelatex.
(/usr/local/texlive/2024/texmf-dist/tex/generic/iftex/ifxetex.sty
Package: ifxetex 2019/10/25 v0.7 ifxetex legacy package. Use iftex instead.
)
(/usr/local/texlive/2024/texmf-dist/tex/generic/iftex/ifluatex.sty
Package: ifluatex 2019/10/25 v1.5 ifluatex legacy package. Use iftex instead.
)
(/usr/local/texlive/2024/texmf-dist/tex/latex/base/textcomp.sty
Package: textcomp 2020/02/02 v2.0n Standard LaTeX package
)
(/usr/local/texlive/2024/texmf-dist/tex/latex/unicode-math/unicode-math.sty
Package: unicode-math 2023/08/13 v0.8r Unicode maths in XeLaTeX and LuaLaTeX

(/usr/local/texlive/2024/texmf-dist/tex/latex/unicode-math/unicode-math-xetex.s
ty
Package: unicode-math-xetex 2023/08/13 v0.8r Unicode maths in XeLaTeX and LuaLa
TeX

(/usr/local/texlive/2024/texmf-dist/tex/latex/l3packages/l3keys2e/l3keys2e.sty
Package: l3keys2e 2024-02-18 LaTeX2e option processing using LaTeX3 keys
) (/usr/local/texlive/2024/texmf-dist/tex/latex/base/fix-cm.sty
Package: fix-cm 2020/11/24 v1.1t fixes to LaTeX

(/usr/local/texlive/2024/texmf-dist/tex/latex/base/ts1enc.def
File: ts1enc.def 2001/06/05 v3.0e (jk/car/fm) Standard LaTeX file
LaTeX Font Info:    Redeclaring font encoding TS1 on input line 47.
))
(/usr/local/texlive/2024/texmf-dist/tex/latex/amsmath/amsmath.sty
Package: amsmath 2023/05/13 v2.17o AMS math features
\@mathmargin=\skip51

For additional information on amsmath, use the `?' option.
(/usr/local/texlive/2024/texmf-dist/tex/latex/amsmath/amstext.sty
Package: amstext 2021/08/26 v2.01 AMS text

(/usr/local/texlive/2024/texmf-dist/tex/latex/amsmath/amsgen.sty
File: amsgen.sty 1999/11/30 v2.0 generic functions
\@emptytoks=\toks21
\ex@=\dimen146
))
(/usr/local/texlive/2024/texmf-dist/tex/latex/amsmath/amsbsy.sty
Package: amsbsy 1999/11/29 v1.2d Bold Symbols
\pmbraise@=\dimen147
)
(/usr/local/texlive/2024/texmf-dist/tex/latex/amsmath/amsopn.sty
Package: amsopn 2022/04/08 v2.04 operator names
)
\inf@bad=\count277
LaTeX Info: Redefining \frac on input line 234.
\uproot@=\count278
\leftroot@=\count279
LaTeX Info: Redefining \overline on input line 399.
LaTeX Info: Redefining \colon on input line 410.
\classnum@=\count280
\DOTSCASE@=\count281
LaTeX Info: Redefining \ldots on input line 496.
LaTeX Info: Redefining \dots on input line 499.
LaTeX Info: Redefining \cdots on input line 620.
\Mathstrutbox@=\box54
\strutbox@=\box55
LaTeX Info: Redefining \big on input line 722.
LaTeX Info: Redefining \Big on input line 723.
LaTeX Info: Redefining \bigg on input line 724.
LaTeX Info: Redefining \Bigg on input line 725.
\big@size=\dimen148
LaTeX Font Info:    Redeclaring font encoding OML on input line 743.
LaTeX Font Info:    Redeclaring font encoding OMS on input line 744.
\macc@depth=\count282
LaTeX Info: Redefining \bmod on input line 905.
LaTeX Info: Redefining \pmod on input line 910.
LaTeX Info: Redefining \smash on input line 940.
LaTeX Info: Redefining \relbar on input line 970.
LaTeX Info: Redefining \Relbar on input line 971.
\c@MaxMatrixCols=\count283
\dotsspace@=\muskip16
\c@parentequation=\count284
\dspbrk@lvl=\count285
\tag@help=\toks22
\row@=\count286
\column@=\count287
\maxfields@=\count288
\andhelp@=\toks23
\eqnshift@=\dimen149
\alignsep@=\dimen150
\tagshift@=\dimen151
\tagwidth@=\dimen152
\totwidth@=\dimen153
\lineht@=\dimen154
\@envbody=\toks24
\multlinegap=\skip52
\multlinetaggap=\skip53
\mathdisplay@stack=\toks25
LaTeX Info: Redefining \[ on input line 2953.
LaTeX Info: Redefining \] on input line 2954.
)
\g__um_fam_int=\count289
\g__um_fonts_used_int=\count290
\l__um_primecount_int=\count291
\g__um_primekern_muskip=\muskip17

(/usr/local/texlive/2024/texmf-dist/tex/latex/unicode-math/unicode-math-table.t
ex)))
Requested font "[LibertinusSerif-Regular.otf]/OT" at 11.99997pt
 -> /usr/local/texlive/2024/texmf-dist/fonts/opentype/public/libertinus-fonts/L
ibertinusSerif-Regular.otf
Requested font "[LibertinusSerif-Regular.otf]/OT" at 12.00003pt
 -> /usr/local/texlive/2024/texmf-dist/fonts/opentype/public/libertinus-fonts/L
ibertinusSerif-Regular.otf

Package fontspec Info: LibertinusSerif-Regular scale = 1.

Requested font "[LibertinusSerif-Regular.otf]/OT:script=latn;language=dflt;" at
 12.00003pt
 -> /usr/local/texlive/2024/texmf-dist/fonts/opentype/public/libertinus-fonts/L
ibertinusSerif-Regular.otf

Package fontspec Info: LibertinusSerif-Regular scale = 1.


Package fontspec Info: LibertinusSerif-Regular scale = 1.

Requested font "[LibertinusSerif-Bold.otf]/OT:script=latn;language=dflt;" at 12
.00003pt
 -> /usr/local/texlive/2024/texmf-dist/fonts/opentype/public/libertinus-fonts/L
ibertinusSerif-Bold.otf

Package fontspec Info: LibertinusSerif-Bold scale = 1.


Package fontspec Info: LibertinusSerif-Bold scale = 1.

Requested font "[LibertinusSerif-Italic.otf]/OT:script=latn;language=dflt;" at 
12.00003pt
 -> /usr/local/texlive/2024/texmf-dist/fonts/opentype/public/libertinus-fonts/L
ibertinusSerif-Italic.otf

Package fontspec Info: LibertinusSerif-Italic scale = 1.


Package fontspec Info: LibertinusSerif-Italic scale = 1.


Package fontspec Info: LibertinusSerif-Regular scale = 1.


Package fontspec Info: LibertinusSerif-Regular scale = 1.

Requested font "[LibertinusSerif-BoldItalic.otf]/OT:script=latn;language=dflt;"
 at 12.00003pt
 -> /usr/local/texlive/2024/texmf-dist/fonts/opentype/public/libertinus-fonts/L
ibertinusSerif-BoldItalic.otf

Package fontspec Info: LibertinusSerif-BoldItalic scale = 1.


Package fontspec Info: LibertinusSerif-BoldItalic scale = 1.


Package fontspec Info: LibertinusSerif-Bold scale = 1.


Package fontspec Info: LibertinusSerif-Bold scale = 1.


Package fontspec Info: Font family 'LibertinusSerif(0)' created for font
(fontspec)             'LibertinusSerif' with options [Ligatures =
(fontspec)             TeX,SmallCapsFeatures={Letters=SmallCaps},RawFeature={+h
v-kern},RawFeature
(fontspec)             = {+tnum;+lnum},Scale = 1,UprightFont =
(fontspec)             *-Regular,ItalicFont = *-Italic,ItalicFeatures = {
(fontspec)             SmallCapsFont = *-Italic },SlantedFont =
(fontspec)             *-Regular,SlantedFeatures= {FakeSlant=0.2},BoldFont =
(fontspec)             *-Bold,BoldFeatures = { SmallCapsFont =
(fontspec)             *-Bold},BoldItalicFont =
(fontspec)             *-BoldItalic,BoldItalicFeatures = { SmallCapsFont =
(fontspec)             *-BoldItalic },BoldSlantedFont=
(fontspec)             *-Bold,BoldSlantedFeatures= {FakeSlant=0.2,
(fontspec)             SmallCapsFont = *-Bold},SmallCapsFont =
(fontspec)             *-Regular,SmallCapsFeatures={Letters=SmallCaps},Extensio
n
(fontspec)             = .otf].
(fontspec)              
(fontspec)              This font family consists of the following NFSS
(fontspec)             series/shapes:
(fontspec)              
(fontspec)             - 'normal' (m/n) with NFSS spec.:
(fontspec)             <->s*[1]"[LibertinusSerif-Regular.otf]/OT:script=latn;la
nguage=dflt;+hv-kern;+tnum;+lnum;mapping=tex-text;"
(fontspec)             - 'small caps'  (m/sc) with NFSS spec.:
(fontspec)             <->s*[1]"[LibertinusSerif-Regular.otf]/OT:script=latn;la
nguage=dflt;+hv-kern;+tnum;+lnum;+smcp;mapping=tex-text;"
(fontspec)             - 'bold' (b/n) with NFSS spec.:
(fontspec)             <->s*[1]"[LibertinusSerif-Bold.otf]/OT:script=latn;langu
age=dflt;+hv-kern;+tnum;+lnum;mapping=tex-text;"
(fontspec)             - 'bold small caps'  (b/sc) with NFSS spec.:
(fontspec)             <->s*[1]"[LibertinusSerif-Bold.otf]/OT:script=latn;langu
age=dflt;+hv-kern;+tnum;+lnum;+smcp;mapping=tex-text;"
(fontspec)             - 'italic' (m/it) with NFSS spec.:
(fontspec)             <->s*[1]"[LibertinusSerif-Italic.otf]/OT:script=latn;lan
guage=dflt;+hv-kern;+tnum;+lnum;mapping=tex-text;"
(fontspec)             - 'italic small caps'  (m/scit) with NFSS spec.:
(fontspec)             <->s*[1]"[LibertinusSerif-Italic.otf]/OT:script=latn;lan
guage=dflt;+hv-kern;+tnum;+lnum;+smcp;mapping=tex-text;"
(fontspec)             - 'slanted' (m/sl) with NFSS spec.:
(fontspec)             <->s*[1]"[LibertinusSerif-Regular.otf]/OT:script=latn;la
nguage=dflt;slant=0.2;+hv-kern;+tnum;+lnum;mapping=tex-text;"
(fontspec)             - 'slanted small caps'  (m/scsl) with NFSS spec.:
(fontspec)             <->s*[1]"[LibertinusSerif-Regular.otf]/OT:script=latn;la
nguage=dflt;slant=0.2;+hv-kern;+tnum;+lnum;+smcp;mapping=tex-text;"
(fontspec)             - 'bold italic' (b/it) with NFSS spec.:
(fontspec)             <->s*[1]"[LibertinusSerif-BoldItalic.otf]/OT:script=latn
;language=dflt;+hv-kern;+tnum;+lnum;mapping=tex-text;"
(fontspec)             - 'bold italic small caps'  (b/scit) with NFSS spec.:
(fontspec)             <->s*[1]"[LibertinusSerif-BoldItalic.otf]/OT:script=latn
;language=dflt;+hv-kern;+tnum;+lnum;+smcp;mapping=tex-text;"
(fontspec)             - 'bold slanted' (b/sl) with NFSS spec.:
(fontspec)             <->s*[1]"[LibertinusSerif-Bold.otf]/OT:script=latn;langu
age=dflt;slant=0.2;+hv-kern;+tnum;+lnum;mapping=tex-text;"
(fontspec)             - 'bold slanted small caps'  (b/scsl) with NFSS spec.:
(fontspec)             <->s*[1]"[LibertinusSerif-Bold.otf]/OT:script=latn;langu
age=dflt;slant=0.2;+hv-kern;+tnum;+lnum;+smcp;mapping=tex-text;"


Package fontspec Info: LibertinusSerif-Regular scale = 1.


Package fontspec Info: LibertinusSerif-Regular scale = 1.


Package fontspec Info: LibertinusSerif-Regular scale = 1.


Package fontspec Info: LibertinusSerif-Bold scale = 1.


Package fontspec Info: LibertinusSerif-Bold scale = 1.


Package fontspec Info: LibertinusSerif-Italic scale = 1.


Package fontspec Info: LibertinusSerif-Italic scale = 1.


Package fontspec Info: LibertinusSerif-Regular scale = 1.


Package fontspec Info: LibertinusSerif-Regular scale = 1.


Package fontspec Info: LibertinusSerif-BoldItalic scale = 1.


Package fontspec Info: LibertinusSerif-BoldItalic scale = 1.


Package fontspec Info: LibertinusSerif-Bold scale = 1.


Package fontspec Info: LibertinusSerif-Bold scale = 1.


Package fontspec Info: Font family 'LibertinusSerif(1)' created for font
(fontspec)             'LibertinusSerif' with options [RawFeature =
(fontspec)             {+tnum;+lnum},Scale = 1,UprightFont =
(fontspec)             *-Regular,ItalicFont = *-Italic,ItalicFeatures = {
(fontspec)             SmallCapsFont = *-Italic },SlantedFont =
(fontspec)             *-Regular,SlantedFeatures= {FakeSlant=0.2},BoldFont =
(fontspec)             *-Bold,BoldFeatures = { SmallCapsFont =
(fontspec)             *-Bold},BoldItalicFont =
(fontspec)             *-BoldItalic,BoldItalicFeatures = { SmallCapsFont =
(fontspec)             *-BoldItalic },BoldSlantedFont=
(fontspec)             *-Bold,BoldSlantedFeatures= {FakeSlant=0.2,
(fontspec)             SmallCapsFont = *-Bold},SmallCapsFont =
(fontspec)             *-Regular,SmallCapsFeatures={Letters=SmallCaps},Extensio
n
(fontspec)             = .otf].
(fontspec)              
(fontspec)              This font family consists of the following NFSS
(fontspec)             series/shapes:
(fontspec)              
(fontspec)             - 'normal' (m/n) with NFSS spec.:
(fontspec)             <->s*[1]"[LibertinusSerif-Regular.otf]/OT:script=latn;la
nguage=dflt;+tnum;+lnum;"
(fontspec)             - 'small caps'  (m/sc) with NFSS spec.:
(fontspec)             <->s*[1]"[LibertinusSerif-Regular.otf]/OT:script=latn;la
nguage=dflt;+tnum;+lnum;+smcp;"
(fontspec)             - 'bold' (b/n) with NFSS spec.:
(fontspec)             <->s*[1]"[LibertinusSerif-Bold.otf]/OT:script=latn;langu
age=dflt;+tnum;+lnum;"
(fontspec)             - 'bold small caps'  (b/sc) with NFSS spec.:
(fontspec)             <->s*[1]"[LibertinusSerif-Bold.otf]/OT:script=latn;langu
age=dflt;+tnum;+lnum;+smcp;"
(fontspec)             - 'italic' (m/it) with NFSS spec.:
(fontspec)             <->s*[1]"[LibertinusSerif-Italic.otf]/OT:script=latn;lan
guage=dflt;+tnum;+lnum;"
(fontspec)             - 'italic small caps'  (m/scit) with NFSS spec.:
(fontspec)             <->s*[1]"[LibertinusSerif-Italic.otf]/OT:script=latn;lan
guage=dflt;+tnum;+lnum;+smcp;"
(fontspec)             - 'slanted' (m/sl) with NFSS spec.:
(fontspec)             <->s*[1]"[LibertinusSerif-Regular.otf]/OT:script=latn;la
nguage=dflt;slant=0.2;+tnum;+lnum;"
(fontspec)             - 'slanted small caps'  (m/scsl) with NFSS spec.:
(fontspec)             <->s*[1]"[LibertinusSerif-Regular.otf]/OT:script=latn;la
nguage=dflt;slant=0.2;+tnum;+lnum;+smcp;"
(fontspec)             - 'bold italic' (b/it) with NFSS spec.:
(fontspec)             <->s*[1]"[LibertinusSerif-BoldItalic.otf]/OT:script=latn
;language=dflt;+tnum;+lnum;"
(fontspec)             - 'bold italic small caps'  (b/scit) with NFSS spec.:
(fontspec)             <->s*[1]"[LibertinusSerif-BoldItalic.otf]/OT:script=latn
;language=dflt;+tnum;+lnum;+smcp;"
(fontspec)             - 'bold slanted' (b/sl) with NFSS spec.:
(fontspec)             <->s*[1]"[LibertinusSerif-Bold.otf]/OT:script=latn;langu
age=dflt;slant=0.2;+tnum;+lnum;"
(fontspec)             - 'bold slanted small caps'  (b/scsl) with NFSS spec.:
(fontspec)             <->s*[1]"[LibertinusSerif-Bold.otf]/OT:script=latn;langu
age=dflt;slant=0.2;+tnum;+lnum;+smcp;"

LaTeX Font Info:    Overwriting math alphabet `\mathrm' in version `normal'
(Font)                  OT1/cmr/m/n --> TU/LibertinusSerif(1)/m/n on input line
 232.
LaTeX Font Info:    Overwriting math alphabet `\mathit' in version `normal'
(Font)                  OT1/cmr/m/it --> TU/LibertinusSerif(1)/m/it on input li
ne 232.
LaTeX Font Info:    Overwriting math alphabet `\mathbf' in version `normal'
(Font)                  OT1/cmr/bx/n --> TU/LibertinusSerif(1)/b/n on input lin
e 232.
LaTeX Font Info:    Font shape `TU/LibertinusSerif(0)/m/n' will be
(Font)              scaled to size 12.0pt on input line 232.
Requested font "[LibertinusSerif-Regular.otf]/OT:script=latn;language=dflt;+hv-
kern;+tnum;+lnum;mapping=tex-text;" at 12.0pt
 -> /usr/local/texlive/2024/texmf-dist/fonts/opentype/public/libertinus-fonts/L
ibertinusSerif-Regular.otf

Package fontspec Info: LibertinusSerif-Regular scale = 1.


Package fontspec Info: LibertinusSerif-Regular scale = 1.


Package fontspec Info: LibertinusSerif-Regular scale = 1.

Requested font "[LibertinusSerif-Semibold.otf]/OT:script=latn;language=dflt;" a
t 12.00003pt
 -> /usr/local/texlive/2024/texmf-dist/fonts/opentype/public/libertinus-fonts/L
ibertinusSerif-Semibold.otf

Package fontspec Info: LibertinusSerif-Semibold scale = 1.


Package fontspec Info: LibertinusSerif-Semibold scale = 1.


Package fontspec Info: LibertinusSerif-Italic scale = 1.


Package fontspec Info: LibertinusSerif-Italic scale = 1.


Package fontspec Info: LibertinusSerif-Regular scale = 1.


Package fontspec Info: LibertinusSerif-Regular scale = 1.

Requested font "[LibertinusSerif-SemiboldItalic.otf]/OT:script=latn;language=df
lt;" at 12.00003pt
 -> /usr/local/texlive/2024/texmf-dist/fonts/opentype/public/libertinus-fonts/L
ibertinusSerif-SemiboldItalic.otf

Package fontspec Info: LibertinusSerif-SemiboldItalic scale = 1.


Package fontspec Info: LibertinusSerif-SemiboldItalic scale = 1.


Package fontspec Info: LibertinusSerif-Semibold scale = 1.


Package fontspec Info: LibertinusSerif-Semibold scale = 1.


Package fontspec Info: Font family 'LibertinusSerif(2)' created for font
(fontspec)             'LibertinusSerif' with options [RawFeature =
(fontspec)             {+tnum;+lnum},Scale = 1,UprightFont =
(fontspec)             *-Regular,ItalicFont = *-Italic,ItalicFeatures = {
(fontspec)             SmallCapsFont = *-Italic },SlantedFont =
(fontspec)             *-Regular,SlantedFeatures= {FakeSlant=0.2},BoldFont =
(fontspec)             *-Semibold,BoldFeatures = { SmallCapsFont = *-Semibold
(fontspec)             },BoldItalicFont = *-SemiboldItalic,BoldItalicFeatures
(fontspec)             = { SmallCapsFont = *-SemiboldItalic },BoldSlantedFont=
(fontspec)             *-Semibold,BoldSlantedFeatures = {FakeSlant=0.2,
(fontspec)             SmallCapsFont = *-Semibold },SmallCapsFont =
(fontspec)             *-Regular,SmallCapsFeatures={Letters=SmallCaps},Extensio
n
(fontspec)             = .otf].
(fontspec)              
(fontspec)              This font family consists of the following NFSS
(fontspec)             series/shapes:
(fontspec)              
(fontspec)             - 'normal' (m/n) with NFSS spec.:
(fontspec)             <->s*[1]"[LibertinusSerif-Regular.otf]/OT:script=latn;la
nguage=dflt;+tnum;+lnum;"
(fontspec)             - 'small caps'  (m/sc) with NFSS spec.:
(fontspec)             <->s*[1]"[LibertinusSerif-Regular.otf]/OT:script=latn;la
nguage=dflt;+tnum;+lnum;+smcp;"
(fontspec)             - 'bold' (b/n) with NFSS spec.:
(fontspec)             <->s*[1]"[LibertinusSerif-Semibold.otf]/OT:script=latn;l
anguage=dflt;+tnum;+lnum;"
(fontspec)             - 'bold small caps'  (b/sc) with NFSS spec.:
(fontspec)             <->s*[1]"[LibertinusSerif-Semibold.otf]/OT:script=latn;l
anguage=dflt;+tnum;+lnum;+smcp;"
(fontspec)             - 'italic' (m/it) with NFSS spec.:
(fontspec)             <->s*[1]"[LibertinusSerif-Italic.otf]/OT:script=latn;lan
guage=dflt;+tnum;+lnum;"
(fontspec)             - 'italic small caps'  (m/scit) with NFSS spec.:
(fontspec)             <->s*[1]"[LibertinusSerif-Italic.otf]/OT:script=latn;lan
guage=dflt;+tnum;+lnum;+smcp;"
(fontspec)             - 'slanted' (m/sl) with NFSS spec.:
(fontspec)             <->s*[1]"[LibertinusSerif-Regular.otf]/OT:script=latn;la
nguage=dflt;slant=0.2;+tnum;+lnum;"
(fontspec)             - 'slanted small caps'  (m/scsl) with NFSS spec.:
(fontspec)             <->s*[1]"[LibertinusSerif-Regular.otf]/OT:script=latn;la
nguage=dflt;slant=0.2;+tnum;+lnum;+smcp;"
(fontspec)             - 'bold italic' (b/it) with NFSS spec.:
(fontspec)             <->s*[1]"[LibertinusSerif-SemiboldItalic.otf]/OT:script=
latn;language=dflt;+tnum;+lnum;"
(fontspec)             - 'bold italic small caps'  (b/scit) with NFSS spec.:
(fontspec)             <->s*[1]"[LibertinusSerif-SemiboldItalic.otf]/OT:script=
latn;language=dflt;+tnum;+lnum;+smcp;"
(fontspec)             - 'bold slanted' (b/sl) with NFSS spec.:
(fontspec)             <->s*[1]"[LibertinusSerif-Semibold.otf]/OT:script=latn;l
anguage=dflt;slant=0.2;+tnum;+lnum;"
(fontspec)             - 'bold slanted small caps'  (b/scsl) with NFSS spec.:
(fontspec)             <->s*[1]"[LibertinusSerif-Semibold.otf]/OT:script=latn;l
anguage=dflt;slant=0.2;+tnum;+lnum;+smcp;"


Package fontspec Info: LibertinusSerif-Regular scale = 1.


Package fontspec Info: LibertinusSerif-Regular scale = 1.


Package fontspec Info: LibertinusSerif-Regular scale = 1.


Package fontspec Info: LibertinusSerif-Bold scale = 1.


Package fontspec Info: LibertinusSerif-Bold scale = 1.


Package fontspec Info: LibertinusSerif-Italic scale = 1.


Package fontspec Info: LibertinusSerif-Italic scale = 1.


Package fontspec Info: LibertinusSerif-Regular scale = 1.


Package fontspec Info: LibertinusSerif-Regular scale = 1.


Package fontspec Info: LibertinusSerif-BoldItalic scale = 1.


Package fontspec Info: LibertinusSerif-BoldItalic scale = 1.


Package fontspec Info: LibertinusSerif-Bold scale = 1.


Package fontspec Info: LibertinusSerif-Bold scale = 1.


Package fontspec Info: Font family 'LibertinusSerif(3)' created for font
(fontspec)             'LibertinusSerif' with options [RawFeature =
(fontspec)             {+onum},Scale = 1,UprightFont = *-Regular,ItalicFont =
(fontspec)             *-Italic,ItalicFeatures = { SmallCapsFont = *-Italic
(fontspec)             },SlantedFont = *-Regular,SlantedFeatures=
(fontspec)             {FakeSlant=0.2},BoldFont = *-Bold,BoldFeatures = {
(fontspec)             SmallCapsFont = *-Bold},BoldItalicFont =
(fontspec)             *-BoldItalic,BoldItalicFeatures = { SmallCapsFont =
(fontspec)             *-BoldItalic },BoldSlantedFont=
(fontspec)             *-Bold,BoldSlantedFeatures = {FakeSlant=0.2,
(fontspec)             SmallCapsFont = *-Bold},SmallCapsFont =
(fontspec)             *-Regular,SmallCapsFeatures={Letters=SmallCaps},Extensio
n
(fontspec)             = .otf].
(fontspec)              
(fontspec)              This font family consists of the following NFSS
(fontspec)             series/shapes:
(fontspec)              
(fontspec)             - 'normal' (m/n) with NFSS spec.:
(fontspec)             <->s*[1]"[LibertinusSerif-Regular.otf]/OT:script=latn;la
nguage=dflt;+onum;"
(fontspec)             - 'small caps'  (m/sc) with NFSS spec.:
(fontspec)             <->s*[1]"[LibertinusSerif-Regular.otf]/OT:script=latn;la
nguage=dflt;+onum;+smcp;"
(fontspec)             - 'bold' (b/n) with NFSS spec.:
(fontspec)             <->s*[1]"[LibertinusSerif-Bold.otf]/OT:script=latn;langu
age=dflt;+onum;"
(fontspec)             - 'bold small caps'  (b/sc) with NFSS spec.:
(fontspec)             <->s*[1]"[LibertinusSerif-Bold.otf]/OT:script=latn;langu
age=dflt;+onum;+smcp;"
(fontspec)             - 'italic' (m/it) with NFSS spec.:
(fontspec)             <->s*[1]"[LibertinusSerif-Italic.otf]/OT:script=latn;lan
guage=dflt;+onum;"
(fontspec)             - 'italic small caps'  (m/scit) with NFSS spec.:
(fontspec)             <->s*[1]"[LibertinusSerif-Italic.otf]/OT:script=latn;lan
guage=dflt;+onum;+smcp;"
(fontspec)             - 'slanted' (m/sl) with NFSS spec.:
(fontspec)             <->s*[1]"[LibertinusSerif-Regular.otf]/OT:script=latn;la
nguage=dflt;slant=0.2;+onum;"
(fontspec)             - 'slanted small caps'  (m/scsl) with NFSS spec.:
(fontspec)             <->s*[1]"[LibertinusSerif-Regular.otf]/OT:script=latn;la
nguage=dflt;slant=0.2;+onum;+smcp;"
(fontspec)             - 'bold italic' (b/it) with NFSS spec.:
(fontspec)             <->s*[1]"[LibertinusSerif-BoldItalic.otf]/OT:script=latn
;language=dflt;+onum;"
(fontspec)             - 'bold italic small caps'  (b/scit) with NFSS spec.:
(fontspec)             <->s*[1]"[LibertinusSerif-BoldItalic.otf]/OT:script=latn
;language=dflt;+onum;+smcp;"
(fontspec)             - 'bold slanted' (b/sl) with NFSS spec.:
(fontspec)             <->s*[1]"[LibertinusSerif-Bold.otf]/OT:script=latn;langu
age=dflt;slant=0.2;+onum;"
(fontspec)             - 'bold slanted small caps'  (b/scsl) with NFSS spec.:
(fontspec)             <->s*[1]"[LibertinusSerif-Bold.otf]/OT:script=latn;langu
age=dflt;slant=0.2;+onum;+smcp;"


Package fontspec Info: LibertinusSerif-Regular scale = 1.


Package fontspec Info: LibertinusSerif-Regular scale = 1.


Package fontspec Info: LibertinusSerif-Regular scale = 1.


Package fontspec Info: LibertinusSerif-Bold scale = 1.


Package fontspec Info: LibertinusSerif-Bold scale = 1.


Package fontspec Info: LibertinusSerif-Italic scale = 1.


Package fontspec Info: LibertinusSerif-Italic scale = 1.


Package fontspec Info: LibertinusSerif-Regular scale = 1.


Package fontspec Info: LibertinusSerif-Regular scale = 1.


Package fontspec Info: LibertinusSerif-BoldItalic scale = 1.


Package fontspec Info: LibertinusSerif-BoldItalic scale = 1.


Package fontspec Info: LibertinusSerif-Bold scale = 1.


Package fontspec Info: LibertinusSerif-Bold scale = 1.


Package fontspec Info: Font family 'LibertinusSerif(4)' created for font
(fontspec)             'LibertinusSerif' with options [RawFeature =
(fontspec)             {+tnum;-onum},Scale = 1,UprightFont =
(fontspec)             *-Regular,ItalicFont = *-Italic,ItalicFeatures = {
(fontspec)             SmallCapsFont = *-Italic },SlantedFont =
(fontspec)             *-Regular,SlantedFeatures= {FakeSlant=0.2},BoldFont =
(fontspec)             *-Bold,BoldFeatures = { SmallCapsFont =
(fontspec)             *-Bold},BoldItalicFont =
(fontspec)             *-BoldItalic,BoldItalicFeatures = { SmallCapsFont =
(fontspec)             *-BoldItalic },BoldSlantedFont=
(fontspec)             *-Bold,BoldSlantedFeatures = {FakeSlant=0.2,
(fontspec)             SmallCapsFont = *-Bold},SmallCapsFont =
(fontspec)             *-Regular,SmallCapsFeatures={Letters=SmallCaps},Extensio
n
(fontspec)             = .otf].
(fontspec)              
(fontspec)              This font family consists of the following NFSS
(fontspec)             series/shapes:
(fontspec)              
(fontspec)             - 'normal' (m/n) with NFSS spec.:
(fontspec)             <->s*[1]"[LibertinusSerif-Regular.otf]/OT:script=latn;la
nguage=dflt;+tnum;-onum;"
(fontspec)             - 'small caps'  (m/sc) with NFSS spec.:
(fontspec)             <->s*[1]"[LibertinusSerif-Regular.otf]/OT:script=latn;la
nguage=dflt;+tnum;-onum;+smcp;"
(fontspec)             - 'bold' (b/n) with NFSS spec.:
(fontspec)             <->s*[1]"[LibertinusSerif-Bold.otf]/OT:script=latn;langu
age=dflt;+tnum;-onum;"
(fontspec)             - 'bold small caps'  (b/sc) with NFSS spec.:
(fontspec)             <->s*[1]"[LibertinusSerif-Bold.otf]/OT:script=latn;langu
age=dflt;+tnum;-onum;+smcp;"
(fontspec)             - 'italic' (m/it) with NFSS spec.:
(fontspec)             <->s*[1]"[LibertinusSerif-Italic.otf]/OT:script=latn;lan
guage=dflt;+tnum;-onum;"
(fontspec)             - 'italic small caps'  (m/scit) with NFSS spec.:
(fontspec)             <->s*[1]"[LibertinusSerif-Italic.otf]/OT:script=latn;lan
guage=dflt;+tnum;-onum;+smcp;"
(fontspec)             - 'slanted' (m/sl) with NFSS spec.:
(fontspec)             <->s*[1]"[LibertinusSerif-Regular.otf]/OT:script=latn;la
nguage=dflt;slant=0.2;+tnum;-onum;"
(fontspec)             - 'slanted small caps'  (m/scsl) with NFSS spec.:
(fontspec)             <->s*[1]"[LibertinusSerif-Regular.otf]/OT:script=latn;la
nguage=dflt;slant=0.2;+tnum;-onum;+smcp;"
(fontspec)             - 'bold italic' (b/it) with NFSS spec.:
(fontspec)             <->s*[1]"[LibertinusSerif-BoldItalic.otf]/OT:script=latn
;language=dflt;+tnum;-onum;"
(fontspec)             - 'bold italic small caps'  (b/scit) with NFSS spec.:
(fontspec)             <->s*[1]"[LibertinusSerif-BoldItalic.otf]/OT:script=latn
;language=dflt;+tnum;-onum;+smcp;"
(fontspec)             - 'bold slanted' (b/sl) with NFSS spec.:
(fontspec)             <->s*[1]"[LibertinusSerif-Bold.otf]/OT:script=latn;langu
age=dflt;slant=0.2;+tnum;-onum;"
(fontspec)             - 'bold slanted small caps'  (b/scsl) with NFSS spec.:
(fontspec)             <->s*[1]"[LibertinusSerif-Bold.otf]/OT:script=latn;langu
age=dflt;slant=0.2;+tnum;-onum;+smcp;"

Requested font "[LibertinusSans-Regular.otf]/OT" at 11.99997pt
 -> /usr/local/texlive/2024/texmf-dist/fonts/opentype/public/libertinus-fonts/L
ibertinusSans-Regular.otf
Requested font "[LibertinusSans-Regular.otf]/OT" at 12.00003pt
 -> /usr/local/texlive/2024/texmf-dist/fonts/opentype/public/libertinus-fonts/L
ibertinusSans-Regular.otf

Package fontspec Info: LibertinusSans-Regular scale = 1.

Requested font "[LibertinusSans-Regular.otf]/OT:script=latn;language=dflt;" at 
12.00003pt
 -> /usr/local/texlive/2024/texmf-dist/fonts/opentype/public/libertinus-fonts/L
ibertinusSans-Regular.otf

Package fontspec Info: LibertinusSans-Regular scale = 1.


Package fontspec Info: LibertinusSans-Regular scale = 1.

Requested font "[LibertinusSans-Bold.otf]/OT:script=latn;language=dflt;" at 12.
00003pt
 -> /usr/local/texlive/2024/texmf-dist/fonts/opentype/public/libertinus-fonts/L
ibertinusSans-Bold.otf

Package fontspec Info: LibertinusSans-Bold scale = 1.


Package fontspec Info: LibertinusSans-Bold scale = 1.

Requested font "[LibertinusSans-Italic.otf]/OT:script=latn;language=dflt;" at 1
2.00003pt
 -> /usr/local/texlive/2024/texmf-dist/fonts/opentype/public/libertinus-fonts/L
ibertinusSans-Italic.otf

Package fontspec Info: LibertinusSans-Italic scale = 1.


Package fontspec Info: LibertinusSans-Italic scale = 1.


Package fontspec Info: LibertinusSans-Regular scale = 1.


Package fontspec Info: LibertinusSans-Regular scale = 1.


Package fontspec Info: LibertinusSans-Italic scale = 1.


Package fontspec Info: LibertinusSans-Italic scale = 1.


Package fontspec Info: LibertinusSans-Bold scale = 1.


Package fontspec Info: LibertinusSans-Bold scale = 1.


Package fontspec Info: Font family 'LibertinusSans(0)' created for font
(fontspec)             'LibertinusSans' with options [Ligatures =
(fontspec)             TeX,SmallCapsFeatures={Letters=SmallCaps},RawFeature={+h
v-kern},Extension
(fontspec)             = .otf,RawFeature = {+tnum;+lnum},Scale = 1,UprightFont
(fontspec)             = *-Regular,ItalicFont = *-Italic,ItalicFeatures = {
(fontspec)             SmallCapsFont = *-Italic },SlantedFont =
(fontspec)             *-Regular,SlantedFeatures= {FakeSlant=0.2},BoldFont =
(fontspec)             *-Bold,BoldFeatures = { SmallCapsFont = *-Bold
(fontspec)             },BoldItalicFont = *-Italic,BoldItalicFeatures =
(fontspec)             {RawFeature={embolden=3},SmallCapsFont = *-Italic
(fontspec)             },BoldSlantedFont= *-Bold,BoldSlantedFeatures =
(fontspec)             {FakeSlant=0.2, SmallCapsFont = *-Bold },SmallCapsFont
(fontspec)             = *-Regular,SmallCapsFeatures={Letters=SmallCaps}].
(fontspec)              
(fontspec)              This font family consists of the following NFSS
(fontspec)             series/shapes:
(fontspec)              
(fontspec)             - 'normal' (m/n) with NFSS spec.:
(fontspec)             <->s*[1]"[LibertinusSans-Regular.otf]/OT:script=latn;lan
guage=dflt;+hv-kern;+tnum;+lnum;mapping=tex-text;"
(fontspec)             - 'small caps'  (m/sc) with NFSS spec.:
(fontspec)             <->s*[1]"[LibertinusSans-Regular.otf]/OT:script=latn;lan
guage=dflt;+hv-kern;+tnum;+lnum;+smcp;mapping=tex-text;"
(fontspec)             - 'bold' (b/n) with NFSS spec.:
(fontspec)             <->s*[1]"[LibertinusSans-Bold.otf]/OT:script=latn;langua
ge=dflt;+hv-kern;+tnum;+lnum;mapping=tex-text;"
(fontspec)             - 'bold small caps'  (b/sc) with NFSS spec.:
(fontspec)             <->s*[1]"[LibertinusSans-Bold.otf]/OT:script=latn;langua
ge=dflt;+hv-kern;+tnum;+lnum;+smcp;mapping=tex-text;"
(fontspec)             - 'italic' (m/it) with NFSS spec.:
(fontspec)             <->s*[1]"[LibertinusSans-Italic.otf]/OT:script=latn;lang
uage=dflt;+hv-kern;+tnum;+lnum;mapping=tex-text;"
(fontspec)             - 'italic small caps'  (m/scit) with NFSS spec.:
(fontspec)             <->s*[1]"[LibertinusSans-Italic.otf]/OT:script=latn;lang
uage=dflt;+hv-kern;+tnum;+lnum;+smcp;mapping=tex-text;"
(fontspec)             - 'slanted' (m/sl) with NFSS spec.:
(fontspec)             <->s*[1]"[LibertinusSans-Regular.otf]/OT:script=latn;lan
guage=dflt;slant=0.2;+hv-kern;+tnum;+lnum;mapping=tex-text;"
(fontspec)             - 'slanted small caps'  (m/scsl) with NFSS spec.:
(fontspec)             <->s*[1]"[LibertinusSans-Regular.otf]/OT:script=latn;lan
guage=dflt;slant=0.2;+hv-kern;+tnum;+lnum;+smcp;mapping=tex-text;"
(fontspec)             - 'bold italic' (b/it) with NFSS spec.:
(fontspec)             <->s*[1]"[LibertinusSans-Italic.otf]/OT:script=latn;lang
uage=dflt;+hv-kern;+tnum;+lnum;embolden=3;mapping=tex-text;"
(fontspec)             - 'bold italic small caps'  (b/scit) with NFSS spec.:
(fontspec)             <->s*[1]"[LibertinusSans-Italic.otf]/OT:script=latn;lang
uage=dflt;+hv-kern;+tnum;+lnum;embolden=3;+smcp;mapping=tex-text;"
(fontspec)             - 'bold slanted' (b/sl) with NFSS spec.:
(fontspec)             <->s*[1]"[LibertinusSans-Bold.otf]/OT:script=latn;langua
ge=dflt;slant=0.2;+hv-kern;+tnum;+lnum;mapping=tex-text;"
(fontspec)             - 'bold slanted small caps'  (b/scsl) with NFSS spec.:
(fontspec)             <->s*[1]"[LibertinusSans-Bold.otf]/OT:script=latn;langua
ge=dflt;slant=0.2;+hv-kern;+tnum;+lnum;+smcp;mapping=tex-text;"


Package fontspec Info: LibertinusSans-Regular scale = 1.


Package fontspec Info: LibertinusSans-Regular scale = 1.


Package fontspec Info: LibertinusSans-Regular scale = 1.


Package fontspec Info: LibertinusSans-Bold scale = 1.


Package fontspec Info: LibertinusSans-Bold scale = 1.


Package fontspec Info: LibertinusSans-Italic scale = 1.


Package fontspec Info: LibertinusSans-Italic scale = 1.


Package fontspec Info: LibertinusSans-Regular scale = 1.


Package fontspec Info: LibertinusSans-Regular scale = 1.


Package fontspec Info: LibertinusSans-Italic scale = 1.


Package fontspec Info: LibertinusSans-Italic scale = 1.


Package fontspec Info: LibertinusSans-Bold scale = 1.


Package fontspec Info: LibertinusSans-Bold scale = 1.


Package fontspec Info: Font family 'LibertinusSans(1)' created for font
(fontspec)             'LibertinusSans' with options [Extension =
(fontspec)             .otf,RawFeature = {+tnum;+lnum},Scale = 1,UprightFont =
(fontspec)             *-Regular,ItalicFont = *-Italic,ItalicFeatures = {
(fontspec)             SmallCapsFont = *-Italic },SlantedFont =
(fontspec)             *-Regular,SlantedFeatures= {FakeSlant=0.2},BoldFont =
(fontspec)             *-Bold,BoldFeatures = { SmallCapsFont = *-Bold
(fontspec)             },BoldItalicFont = *-Italic,BoldItalicFeatures =
(fontspec)             {RawFeature={embolden=3},SmallCapsFont = *-Italic
(fontspec)             },BoldSlantedFont= *-Bold,BoldSlantedFeatures =
(fontspec)             {FakeSlant=0.2, SmallCapsFont = *-Bold },SmallCapsFont
(fontspec)             = *-Regular,SmallCapsFeatures={Letters=SmallCaps}].
(fontspec)              
(fontspec)              This font family consists of the following NFSS
(fontspec)             series/shapes:
(fontspec)              
(fontspec)             - 'normal' (m/n) with NFSS spec.:
(fontspec)             <->s*[1]"[LibertinusSans-Regular.otf]/OT:script=latn;lan
guage=dflt;+tnum;+lnum;"
(fontspec)             - 'small caps'  (m/sc) with NFSS spec.:
(fontspec)             <->s*[1]"[LibertinusSans-Regular.otf]/OT:script=latn;lan
guage=dflt;+tnum;+lnum;+smcp;"
(fontspec)             - 'bold' (b/n) with NFSS spec.:
(fontspec)             <->s*[1]"[LibertinusSans-Bold.otf]/OT:script=latn;langua
ge=dflt;+tnum;+lnum;"
(fontspec)             - 'bold small caps'  (b/sc) with NFSS spec.:
(fontspec)             <->s*[1]"[LibertinusSans-Bold.otf]/OT:script=latn;langua
ge=dflt;+tnum;+lnum;+smcp;"
(fontspec)             - 'italic' (m/it) with NFSS spec.:
(fontspec)             <->s*[1]"[LibertinusSans-Italic.otf]/OT:script=latn;lang
uage=dflt;+tnum;+lnum;"
(fontspec)             - 'italic small caps'  (m/scit) with NFSS spec.:
(fontspec)             <->s*[1]"[LibertinusSans-Italic.otf]/OT:script=latn;lang
uage=dflt;+tnum;+lnum;+smcp;"
(fontspec)             - 'slanted' (m/sl) with NFSS spec.:
(fontspec)             <->s*[1]"[LibertinusSans-Regular.otf]/OT:script=latn;lan
guage=dflt;slant=0.2;+tnum;+lnum;"
(fontspec)             - 'slanted small caps'  (m/scsl) with NFSS spec.:
(fontspec)             <->s*[1]"[LibertinusSans-Regular.otf]/OT:script=latn;lan
guage=dflt;slant=0.2;+tnum;+lnum;+smcp;"
(fontspec)             - 'bold italic' (b/it) with NFSS spec.:
(fontspec)             <->s*[1]"[LibertinusSans-Italic.otf]/OT:script=latn;lang
uage=dflt;+tnum;+lnum;embolden=3;"
(fontspec)             - 'bold italic small caps'  (b/scit) with NFSS spec.:
(fontspec)             <->s*[1]"[LibertinusSans-Italic.otf]/OT:script=latn;lang
uage=dflt;+tnum;+lnum;embolden=3;+smcp;"
(fontspec)             - 'bold slanted' (b/sl) with NFSS spec.:
(fontspec)             <->s*[1]"[LibertinusSans-Bold.otf]/OT:script=latn;langua
ge=dflt;slant=0.2;+tnum;+lnum;"
(fontspec)             - 'bold slanted small caps'  (b/scsl) with NFSS spec.:
(fontspec)             <->s*[1]"[LibertinusSans-Bold.otf]/OT:script=latn;langua
ge=dflt;slant=0.2;+tnum;+lnum;+smcp;"

LaTeX Font Info:    Overwriting math alphabet `\mathsf' in version `normal'
(Font)                  OT1/cmss/m/n --> TU/LibertinusSans(1)/m/n on input line
 312.
LaTeX Font Info:    Overwriting math alphabet `\mathsf' in version `bold'
(Font)                  OT1/cmss/bx/n --> TU/LibertinusSans(1)/b/n on input lin
e 312.

Package fontspec Info: LibertinusSans-Regular scale = 1.


Package fontspec Info: LibertinusSans-Regular scale = 1.


Package fontspec Info: LibertinusSans-Regular scale = 1.


Package fontspec Info: LibertinusSans-Bold scale = 1.


Package fontspec Info: LibertinusSans-Bold scale = 1.


Package fontspec Info: LibertinusSans-Italic scale = 1.


Package fontspec Info: LibertinusSans-Italic scale = 1.


Package fontspec Info: LibertinusSans-Regular scale = 1.


Package fontspec Info: LibertinusSans-Regular scale = 1.


Package fontspec Info: LibertinusSans-Italic scale = 1.


Package fontspec Info: LibertinusSans-Regular scale = 1.


Package fontspec Info: LibertinusSans-Bold scale = 1.


Package fontspec Info: LibertinusSans-Bold scale = 1.


Package fontspec Info: Font family 'LibertinusSans(2)' created for font
(fontspec)             'LibertinusSans' with options [RawFeature =
(fontspec)             {+onum;+pnum},Scale = 1,UprightFont =
(fontspec)             *-Regular,ItalicFont = *-Italic,ItalicFeatures = {
(fontspec)             SmallCapsFont = *-Italic },SlantedFont =
(fontspec)             *-Regular,SlantedFeatures= {FakeSlant=0.2},BoldFont =
(fontspec)             *-Bold,BoldFeatures = { SmallCapsFont = *-Bold
(fontspec)             },BoldItalicFont = *-Italic,BoldItalicFeatures =
(fontspec)             {RawFeature={embolden=3}},BoldSlantedFont=
(fontspec)             *-Bold,BoldSlantedFeatures = {FakeSlant=0.2,
(fontspec)             SmallCapsFont = *-Bold },SmallCapsFont =
(fontspec)             *-Regular,SmallCapsFeatures={Letters=SmallCaps},Extensio
n
(fontspec)             = .otf].
(fontspec)              
(fontspec)              This font family consists of the following NFSS
(fontspec)             series/shapes:
(fontspec)              
(fontspec)             - 'normal' (m/n) with NFSS spec.:
(fontspec)             <->s*[1]"[LibertinusSans-Regular.otf]/OT:script=latn;lan
guage=dflt;+onum;+pnum;"
(fontspec)             - 'small caps'  (m/sc) with NFSS spec.:
(fontspec)             <->s*[1]"[LibertinusSans-Regular.otf]/OT:script=latn;lan
guage=dflt;+onum;+pnum;+smcp;"
(fontspec)             - 'bold' (b/n) with NFSS spec.:
(fontspec)             <->s*[1]"[LibertinusSans-Bold.otf]/OT:script=latn;langua
ge=dflt;+onum;+pnum;"
(fontspec)             - 'bold small caps'  (b/sc) with NFSS spec.:
(fontspec)             <->s*[1]"[LibertinusSans-Bold.otf]/OT:script=latn;langua
ge=dflt;+onum;+pnum;+smcp;"
(fontspec)             - 'italic' (m/it) with NFSS spec.:
(fontspec)             <->s*[1]"[LibertinusSans-Italic.otf]/OT:script=latn;lang
uage=dflt;+onum;+pnum;"
(fontspec)             - 'italic small caps'  (m/scit) with NFSS spec.:
(fontspec)             <->s*[1]"[LibertinusSans-Italic.otf]/OT:script=latn;lang
uage=dflt;+onum;+pnum;+smcp;"
(fontspec)             - 'slanted' (m/sl) with NFSS spec.:
(fontspec)             <->s*[1]"[LibertinusSans-Regular.otf]/OT:script=latn;lan
guage=dflt;slant=0.2;+onum;+pnum;"
(fontspec)             - 'slanted small caps'  (m/scsl) with NFSS spec.:
(fontspec)             <->s*[1]"[LibertinusSans-Regular.otf]/OT:script=latn;lan
guage=dflt;slant=0.2;+onum;+pnum;+smcp;"
(fontspec)             - 'bold italic' (b/it) with NFSS spec.:
(fontspec)             <->s*[1]"[LibertinusSans-Italic.otf]/OT:script=latn;lang
uage=dflt;+onum;+pnum;embolden=3;"
(fontspec)             - 'bold italic small caps'  (b/scit) with NFSS spec.:
(fontspec)             <->s*[1]"[LibertinusSans-Regular.otf]/OT:script=latn;lan
guage=dflt;+onum;+pnum;embolden=3;+smcp;"
(fontspec)             - 'bold slanted' (b/sl) with NFSS spec.:
(fontspec)             <->s*[1]"[LibertinusSans-Bold.otf]/OT:script=latn;langua
ge=dflt;slant=0.2;+onum;+pnum;"
(fontspec)             - 'bold slanted small caps'  (b/scsl) with NFSS spec.:
(fontspec)             <->s*[1]"[LibertinusSans-Bold.otf]/OT:script=latn;langua
ge=dflt;slant=0.2;+onum;+pnum;+smcp;"


Package fontspec Info: LibertinusSans-Regular scale = 1.


Package fontspec Info: LibertinusSans-Regular scale = 1.


Package fontspec Info: LibertinusSans-Regular scale = 1.


Package fontspec Info: LibertinusSans-Bold scale = 1.


Package fontspec Info: LibertinusSans-Bold scale = 1.


Package fontspec Info: LibertinusSans-Italic scale = 1.


Package fontspec Info: LibertinusSans-Italic scale = 1.


Package fontspec Info: LibertinusSans-Regular scale = 1.


Package fontspec Info: LibertinusSans-Regular scale = 1.


Package fontspec Info: LibertinusSans-Italic scale = 1.


Package fontspec Info: LibertinusSans-Regular scale = 1.


Package fontspec Info: LibertinusSans-Bold scale = 1.


Package fontspec Info: LibertinusSans-Bold scale = 1.


Package fontspec Info: Font family 'LibertinusSans(3)' created for font
(fontspec)             'LibertinusSans' with options [RawFeature =
(fontspec)             {+lnum;-onum;+tnum},Scale = 1,UprightFont =
(fontspec)             *-Regular,ItalicFont = *-Italic,ItalicFeatures = {
(fontspec)             SmallCapsFont = *-Italic },SlantedFont =
(fontspec)             *-Regular,SlantedFeatures= {FakeSlant=0.2},BoldFont =
(fontspec)             *-Bold,BoldFeatures = { SmallCapsFont = *-Bold
(fontspec)             },BoldItalicFont = *-Italic,BoldItalicFeatures =
(fontspec)             {RawFeature={embolden=3}},BoldSlantedFont=
(fontspec)             *-Bold,BoldSlantedFeatures = {FakeSlant=0.2,
(fontspec)             SmallCapsFont = *-Bold },SmallCapsFont =
(fontspec)             *-Regular,SmallCapsFeatures={Letters=SmallCaps},Extensio
n
(fontspec)             = .otf].
(fontspec)              
(fontspec)              This font family consists of the following NFSS
(fontspec)             series/shapes:
(fontspec)              
(fontspec)             - 'normal' (m/n) with NFSS spec.:
(fontspec)             <->s*[1]"[LibertinusSans-Regular.otf]/OT:script=latn;lan
guage=dflt;+lnum;-onum;+tnum;"
(fontspec)             - 'small caps'  (m/sc) with NFSS spec.:
(fontspec)             <->s*[1]"[LibertinusSans-Regular.otf]/OT:script=latn;lan
guage=dflt;+lnum;-onum;+tnum;+smcp;"
(fontspec)             - 'bold' (b/n) with NFSS spec.:
(fontspec)             <->s*[1]"[LibertinusSans-Bold.otf]/OT:script=latn;langua
ge=dflt;+lnum;-onum;+tnum;"
(fontspec)             - 'bold small caps'  (b/sc) with NFSS spec.:
(fontspec)             <->s*[1]"[LibertinusSans-Bold.otf]/OT:script=latn;langua
ge=dflt;+lnum;-onum;+tnum;+smcp;"
(fontspec)             - 'italic' (m/it) with NFSS spec.:
(fontspec)             <->s*[1]"[LibertinusSans-Italic.otf]/OT:script=latn;lang
uage=dflt;+lnum;-onum;+tnum;"
(fontspec)             - 'italic small caps'  (m/scit) with NFSS spec.:
(fontspec)             <->s*[1]"[LibertinusSans-Italic.otf]/OT:script=latn;lang
uage=dflt;+lnum;-onum;+tnum;+smcp;"
(fontspec)             - 'slanted' (m/sl) with NFSS spec.:
(fontspec)             <->s*[1]"[LibertinusSans-Regular.otf]/OT:script=latn;lan
guage=dflt;slant=0.2;+lnum;-onum;+tnum;"
(fontspec)             - 'slanted small caps'  (m/scsl) with NFSS spec.:
(fontspec)             <->s*[1]"[LibertinusSans-Regular.otf]/OT:script=latn;lan
guage=dflt;slant=0.2;+lnum;-onum;+tnum;+smcp;"
(fontspec)             - 'bold italic' (b/it) with NFSS spec.:
(fontspec)             <->s*[1]"[LibertinusSans-Italic.otf]/OT:script=latn;lang
uage=dflt;+lnum;-onum;+tnum;embolden=3;"
(fontspec)             - 'bold italic small caps'  (b/scit) with NFSS spec.:
(fontspec)             <->s*[1]"[LibertinusSans-Regular.otf]/OT:script=latn;lan
guage=dflt;+lnum;-onum;+tnum;embolden=3;+smcp;"
(fontspec)             - 'bold slanted' (b/sl) with NFSS spec.:
(fontspec)             <->s*[1]"[LibertinusSans-Bold.otf]/OT:script=latn;langua
ge=dflt;slant=0.2;+lnum;-onum;+tnum;"
(fontspec)             - 'bold slanted small caps'  (b/scsl) with NFSS spec.:
(fontspec)             <->s*[1]"[LibertinusSans-Bold.otf]/OT:script=latn;langua
ge=dflt;slant=0.2;+lnum;-onum;+tnum;+smcp;"

Requested font "[LibertinusMono-Regular.otf]/OT" at 11.99997pt
 -> /usr/local/texlive/2024/texmf-dist/fonts/opentype/public/libertinus-fonts/L
ibertinusMono-Regular.otf
Requested font "[LibertinusMono-Regular.otf]/OT" at 12.00003pt
 -> /usr/local/texlive/2024/texmf-dist/fonts/opentype/public/libertinus-fonts/L
ibertinusMono-Regular.otf

Package fontspec Info: LibertinusMono-Regular scale = 0.8666632415839297.

Requested font "[LibertinusMono-Regular.otf]/OT:script=latn;language=dflt;" at 
12.00003pt
 -> /usr/local/texlive/2024/texmf-dist/fonts/opentype/public/libertinus-fonts/L
ibertinusMono-Regular.otf

Package fontspec Info: LibertinusMono-Regular scale = 0.8666632415839297.


Package fontspec Info: LibertinusMono-Regular scale = 0.8666632415839297.


Package fontspec Info: LibertinusMono-Regular scale = 0.8666632415839297.


Package fontspec Info: LibertinusMono-Regular scale = 0.8666632415839297.


Package fontspec Info: LibertinusMono-Regular scale = 0.8666632415839297.


Package fontspec Info: Font family 'LibertinusMono(0)' created for font
(fontspec)             'LibertinusMono' with options
(fontspec)             [WordSpace={1,0,0},HyphenChar=None,PunctuationSpace=Word
Space,RawFeature
(fontspec)             = {+tnum; +lnum},Scale = MatchLowercase,FakeStretch =
(fontspec)             0.9,UprightFont = *-Regular,ItalicFont =
(fontspec)             *-Regular,ItalicFeatures = {FakeSlant=0.2},SlantedFont
(fontspec)             = *-Regular,SlantedFeatures= {FakeSlant=0.2},BoldFont =
(fontspec)             *-Regular,BoldFeatures =
(fontspec)             {RawFeature={embolden=3}},BoldItalicFont =
(fontspec)             *-Regular,BoldItalicFeatures={FakeSlant=0.2,RawFeature={
embolden=3}},Extension
(fontspec)             = .otf].
(fontspec)              
(fontspec)              This font family consists of the following NFSS
(fontspec)             series/shapes:
(fontspec)              
(fontspec)             - 'normal' (m/n) with NFSS spec.:
(fontspec)             <->s*[0.8666632415839297]"[LibertinusMono-Regular.otf]/O
T:script=latn;language=dflt;extend=0.9;+tnum;
(fontspec)             +lnum;"
(fontspec)             - 'small caps'  (m/sc) with NFSS spec.: 
(fontspec)             and font adjustment code:
(fontspec)             \fontdimen 2\font =1\fontdimen 2\font \fontdimen 3\font
(fontspec)             =0\fontdimen 3\font \fontdimen 4\font =0\fontdimen
(fontspec)             4\font \fontdimen 7\font =0\fontdimen 2\font
(fontspec)             \tex_hyphenchar:D \font =-1\scan_stop: 
(fontspec)             - 'bold' (b/n) with NFSS spec.:
(fontspec)             <->s*[0.8666632415839297]"[LibertinusMono-Regular.otf]/O
T:script=latn;language=dflt;extend=0.9;+tnum;
(fontspec)             +lnum;embolden=3;"
(fontspec)             - 'bold small caps'  (b/sc) with NFSS spec.: 
(fontspec)             and font adjustment code:
(fontspec)             \fontdimen 2\font =1\fontdimen 2\font \fontdimen 3\font
(fontspec)             =0\fontdimen 3\font \fontdimen 4\font =0\fontdimen
(fontspec)             4\font \fontdimen 7\font =0\fontdimen 2\font
(fontspec)             \tex_hyphenchar:D \font =-1\scan_stop: 
(fontspec)             - 'italic' (m/it) with NFSS spec.:
(fontspec)             <->s*[0.8666632415839297]"[LibertinusMono-Regular.otf]/O
T:script=latn;language=dflt;extend=0.9;slant=0.2;+tnum;
(fontspec)             +lnum;"
(fontspec)             - 'italic small caps'  (m/scit) with NFSS spec.: 
(fontspec)             and font adjustment code:
(fontspec)             \fontdimen 2\font =1\fontdimen 2\font \fontdimen 3\font
(fontspec)             =0\fontdimen 3\font \fontdimen 4\font =0\fontdimen
(fontspec)             4\font \fontdimen 7\font =0\fontdimen 2\font
(fontspec)             \tex_hyphenchar:D \font =-1\scan_stop: 
(fontspec)             - 'slanted' (m/sl) with NFSS spec.:
(fontspec)             <->s*[0.8666632415839297]"[LibertinusMono-Regular.otf]/O
T:script=latn;language=dflt;extend=0.9;slant=0.2;+tnum;
(fontspec)             +lnum;"
(fontspec)             - 'slanted small caps'  (m/scsl) with NFSS spec.: 
(fontspec)             and font adjustment code:
(fontspec)             \fontdimen 2\font =1\fontdimen 2\font \fontdimen 3\font
(fontspec)             =0\fontdimen 3\font \fontdimen 4\font =0\fontdimen
(fontspec)             4\font \fontdimen 7\font =0\fontdimen 2\font
(fontspec)             \tex_hyphenchar:D \font =-1\scan_stop: 
(fontspec)             - 'bold italic' (b/it) with NFSS spec.:
(fontspec)             <->s*[0.8666632415839297]"[LibertinusMono-Regular.otf]/O
T:script=latn;language=dflt;extend=0.9;slant=0.2;+tnum;
(fontspec)             +lnum;embolden=3;"
(fontspec)             - 'bold italic small caps'  (b/scit) with NFSS spec.: 
(fontspec)             and font adjustment code:
(fontspec)             \fontdimen 2\font =1\fontdimen 2\font \fontdimen 3\font
(fontspec)             =0\fontdimen 3\font \fontdimen 4\font =0\fontdimen
(fontspec)             4\font \fontdimen 7\font =0\fontdimen 2\font
(fontspec)             \tex_hyphenchar:D \font =-1\scan_stop: 


Package fontspec Info: LibertinusMono-Regular scale = 0.8666632415839297.


Package fontspec Info: LibertinusMono-Regular scale = 0.8666632415839297.


Package fontspec Info: LibertinusMono-Regular scale = 0.8666632415839297.


Package fontspec Info: LibertinusMono-Regular scale = 0.8666632415839297.


Package fontspec Info: LibertinusMono-Regular scale = 0.8666632415839297.


Package fontspec Info: LibertinusMono-Regular scale = 0.8666632415839297.


Package fontspec Info: Font family 'LibertinusMono(1)' created for font
(fontspec)             'LibertinusMono' with options [RawFeature = {+tnum;
(fontspec)             +lnum},Scale = MatchLowercase,FakeStretch =
(fontspec)             0.9,UprightFont = *-Regular,ItalicFont =
(fontspec)             *-Regular,ItalicFeatures = {FakeSlant=0.2},SlantedFont
(fontspec)             = *-Regular,SlantedFeatures= {FakeSlant=0.2},BoldFont =
(fontspec)             *-Regular,BoldFeatures =
(fontspec)             {RawFeature={embolden=3}},BoldItalicFont =
(fontspec)             *-Regular,BoldItalicFeatures={FakeSlant=0.2,RawFeature={
embolden=3}},Extension
(fontspec)             = .otf].
(fontspec)              
(fontspec)              This font family consists of the following NFSS
(fontspec)             series/shapes:
(fontspec)              
(fontspec)             - 'normal' (m/n) with NFSS spec.:
(fontspec)             <->s*[0.8666632415839297]"[LibertinusMono-Regular.otf]/O
T:script=latn;language=dflt;extend=0.9;+tnum;
(fontspec)             +lnum;"
(fontspec)             - 'small caps'  (m/sc) with NFSS spec.: 
(fontspec)             - 'bold' (b/n) with NFSS spec.:
(fontspec)             <->s*[0.8666632415839297]"[LibertinusMono-Regular.otf]/O
T:script=latn;language=dflt;extend=0.9;+tnum;
(fontspec)             +lnum;embolden=3;"
(fontspec)             - 'bold small caps'  (b/sc) with NFSS spec.: 
(fontspec)             - 'italic' (m/it) with NFSS spec.:
(fontspec)             <->s*[0.8666632415839297]"[LibertinusMono-Regular.otf]/O
T:script=latn;language=dflt;extend=0.9;slant=0.2;+tnum;
(fontspec)             +lnum;"
(fontspec)             - 'italic small caps'  (m/scit) with NFSS spec.: 
(fontspec)             - 'slanted' (m/sl) with NFSS spec.:
(fontspec)             <->s*[0.8666632415839297]"[LibertinusMono-Regular.otf]/O
T:script=latn;language=dflt;extend=0.9;slant=0.2;+tnum;
(fontspec)             +lnum;"
(fontspec)             - 'slanted small caps'  (m/scsl) with NFSS spec.: 
(fontspec)             - 'bold italic' (b/it) with NFSS spec.:
(fontspec)             <->s*[0.8666632415839297]"[LibertinusMono-Regular.otf]/O
T:script=latn;language=dflt;extend=0.9;slant=0.2;+tnum;
(fontspec)             +lnum;embolden=3;"
(fontspec)             - 'bold italic small caps'  (b/scit) with NFSS spec.: 

LaTeX Font Info:    Overwriting math alphabet `\mathtt' in version `normal'
(Font)                  OT1/cmtt/m/n --> TU/LibertinusMono(1)/m/n on input line
 369.
LaTeX Font Info:    Overwriting math alphabet `\mathtt' in version `bold'
(Font)                  OT1/cmtt/m/n --> TU/LibertinusMono(1)/b/n on input line
 369.

*************************************
* Using libertinus math *
*************************************
Requested font "[LibertinusMath-Regular.otf]/OT" at 11.99997pt
 -> /usr/local/texlive/2024/texmf-dist/fonts/opentype/public/libertinus-fonts/L
ibertinusMath-Regular.otf
Requested font "[LibertinusMath-Regular.otf]/OT" at 12.00003pt
 -> /usr/local/texlive/2024/texmf-dist/fonts/opentype/public/libertinus-fonts/L
ibertinusMath-Regular.otf
Requested font "[LibertinusMath-Regular.otf]/OT:script=math;language=dflt;" at 
12.00003pt
 -> /usr/local/texlive/2024/texmf-dist/fonts/opentype/public/libertinus-fonts/L
ibertinusMath-Regular.otf

Package fontspec Info: Font family 'LibertinusMath-Regular.otf(0)' created for
(fontspec)             font 'LibertinusMath-Regular.otf' with options
(fontspec)             [BoldItalicFont={},ItalicFont={},SmallCapsFont={},Script
=Math].
(fontspec)              
(fontspec)              This font family consists of the following NFSS
(fontspec)             series/shapes:
(fontspec)              
(fontspec)             - 'normal' (m/n) with NFSS spec.:
(fontspec)             <->"[LibertinusMath-Regular.otf]/OT:script=math;language
=dflt;"
(fontspec)             - 'small caps'  (m/sc) with NFSS spec.: 

Requested font "[LibertinusMath-Regular.otf]/OT:script=math;language=dflt;" at 
12.0pt
 -> /usr/local/texlive/2024/texmf-dist/fonts/opentype/public/libertinus-fonts/L
ibertinusMath-Regular.otf

Package fontspec Info: Font family 'LibertinusMath-Regular.otf(1)' created for
(fontspec)             font 'LibertinusMath-Regular.otf' with options
(fontspec)             [BoldItalicFont={},ItalicFont={},SmallCapsFont={},Script
=Math,SizeFeatures={{Size=10.8-},{Size=8.4-10.8,Font=LibertinusMath-Regular.otf
,Style=MathScript},{Size=-8.4,Font=LibertinusMath-Regular.otf,Style=MathScriptS
cript}}].
(fontspec)              
(fontspec)              This font family consists of the following NFSS
(fontspec)             series/shapes:
(fontspec)              
(fontspec)             - 'normal' (m/n) with NFSS spec.:
(fontspec)             <10.8->"[LibertinusMath-Regular.otf]/OT:script=math;lang
uage=dflt;"<8.4-10.8>"[LibertinusMath-Regular.otf]/OT:script=math;language=dflt
;+ssty=0;"<-8.4>"[LibertinusMath-Regular.otf]/OT:script=math;language=dflt;+sst
y=1;"
(fontspec)             - 'small caps'  (m/sc) with NFSS spec.: 

LaTeX Font Info:    Encoding `OT1' has changed to `TU' for symbol font
(Font)              `operators' in the math version `normal' on input line 377.

LaTeX Font Info:    Overwriting symbol font `operators' in version `normal'
(Font)                  OT1/cmr/m/n --> TU/LibertinusMath-Regular.otf(1)/m/n on
 input line 377.
LaTeX Font Info:    Encoding `OT1' has changed to `TU' for symbol font
(Font)              `operators' in the math version `bold' on input line 377.
LaTeX Font Info:    Overwriting symbol font `operators' in version `bold'
(Font)                  OT1/cmr/bx/n --> TU/LibertinusMath-Regular.otf(1)/b/n o
n input line 377.

Package fontspec Info: LibertinusMath-Regular scale = 1.0001.


Package fontspec Info: LibertinusMath-Regular scale = 1.0001.


Package fontspec Info: LibertinusMath-Regular scale = 1.0001.


Package fontspec Info: LibertinusMath-Regular scale = 1.0001.


Package fontspec Info: Font family 'LibertinusMath-Regular.otf(2)' created for
(fontspec)             font 'LibertinusMath-Regular.otf' with options
(fontspec)             [BoldItalicFont={},ItalicFont={},SmallCapsFont={},Script
=Math,SizeFeatures={{Size=10.8-},{Size=8.4-10.8,Font=LibertinusMath-Regular.otf
,Style=MathScript},{Size=-8.4,Font=LibertinusMath-Regular.otf,Style=MathScriptS
cript}},ScaleAgain=1.0001,FontAdjustment={\fontdimen
(fontspec)             8\font =6.96pt\relax \fontdimen 9\font =5.76pt\relax
(fontspec)             \fontdimen 10\font =5.64pt\relax \fontdimen 11\font
(fontspec)             =8.4pt\relax \fontdimen 12\font =5.76pt\relax
(fontspec)             \fontdimen 13\font =4.5pt\relax \fontdimen 14\font
(fontspec)             =4.5pt\relax \fontdimen 15\font =3.72pt\relax
(fontspec)             \fontdimen 16\font =2.52pt\relax \fontdimen 17\font
(fontspec)             =2.52pt\relax \fontdimen 18\font =2.76pt\relax
(fontspec)             \fontdimen 19\font =0.54pt\relax \fontdimen 22\font
(fontspec)             =3.12pt\relax \fontdimen 20\font =0pt\relax \fontdimen
(fontspec)             21\font =0pt\relax }].
(fontspec)              
(fontspec)              This font family consists of the following NFSS
(fontspec)             series/shapes:
(fontspec)              
(fontspec)             - 'normal' (m/n) with NFSS spec.:
(fontspec)             <10.8->s*[1.0001]"[LibertinusMath-Regular.otf]/OT:script
=math;language=dflt;"<8.4-10.8>s*[1.0001]"[LibertinusMath-Regular.otf]/OT:scrip
t=math;language=dflt;+ssty=0;"<-8.4>s*[1.0001]"[LibertinusMath-Regular.otf]/OT:
script=math;language=dflt;+ssty=1;"
(fontspec)             - 'small caps'  (m/sc) with NFSS spec.: 
(fontspec)             and font adjustment code:
(fontspec)             \fontdimen 8\font =6.96pt\relax \fontdimen 9\font
(fontspec)             =5.76pt\relax \fontdimen 10\font =5.64pt\relax
(fontspec)             \fontdimen 11\font =8.4pt\relax \fontdimen 12\font
(fontspec)             =5.76pt\relax \fontdimen 13\font =4.5pt\relax
(fontspec)             \fontdimen 14\font =4.5pt\relax \fontdimen 15\font
(fontspec)             =3.72pt\relax \fontdimen 16\font =2.52pt\relax
(fontspec)             \fontdimen 17\font =2.52pt\relax \fontdimen 18\font
(fontspec)             =2.76pt\relax \fontdimen 19\font =0.54pt\relax
(fontspec)             \fontdimen 22\font =3.12pt\relax \fontdimen 20\font
(fontspec)             =0pt\relax \fontdimen 21\font =0pt\relax 

LaTeX Font Info:    Encoding `OMS' has changed to `TU' for symbol font
(Font)              `symbols' in the math version `normal' on input line 377.
LaTeX Font Info:    Overwriting symbol font `symbols' in version `normal'
(Font)                  OMS/cmsy/m/n --> TU/LibertinusMath-Regular.otf(2)/m/n o
n input line 377.
LaTeX Font Info:    Encoding `OMS' has changed to `TU' for symbol font
(Font)              `symbols' in the math version `bold' on input line 377.
LaTeX Font Info:    Overwriting symbol font `symbols' in version `bold'
(Font)                  OMS/cmsy/b/n --> TU/LibertinusMath-Regular.otf(2)/b/n o
n input line 377.

Package fontspec Info: LibertinusMath-Regular scale = 0.9999.


Package fontspec Info: LibertinusMath-Regular scale = 0.9999.


Package fontspec Info: LibertinusMath-Regular scale = 0.9999.


Package fontspec Info: LibertinusMath-Regular scale = 0.9999.


Package fontspec Info: Font family 'LibertinusMath-Regular.otf(3)' created for
(fontspec)             font 'LibertinusMath-Regular.otf' with options
(fontspec)             [BoldItalicFont={},ItalicFont={},SmallCapsFont={},Script
=Math,SizeFeatures={{Size=10.8-},{Size=8.4-10.8,Font=LibertinusMath-Regular.otf
,Style=MathScript},{Size=-8.4,Font=LibertinusMath-Regular.otf,Style=MathScriptS
cript}},ScaleAgain=0.9999,FontAdjustment={\fontdimen
(fontspec)             8\font =0.78pt\relax \fontdimen 9\font =1.8pt\relax
(fontspec)             \fontdimen 10\font =1.8pt\relax \fontdimen 11\font
(fontspec)             =3.0pt\relax \fontdimen 12\font =7.44pt\relax
(fontspec)             \fontdimen 13\font =0pt\relax }].
(fontspec)              
(fontspec)              This font family consists of the following NFSS
(fontspec)             series/shapes:
(fontspec)              
(fontspec)             - 'normal' (m/n) with NFSS spec.:
(fontspec)             <10.8->s*[0.9999]"[LibertinusMath-Regular.otf]/OT:script
=math;language=dflt;"<8.4-10.8>s*[0.9999]"[LibertinusMath-Regular.otf]/OT:scrip
t=math;language=dflt;+ssty=0;"<-8.4>s*[0.9999]"[LibertinusMath-Regular.otf]/OT:
script=math;language=dflt;+ssty=1;"
(fontspec)             - 'small caps'  (m/sc) with NFSS spec.: 
(fontspec)             and font adjustment code:
(fontspec)             \fontdimen 8\font =0.78pt\relax \fontdimen 9\font
(fontspec)             =1.8pt\relax \fontdimen 10\font =1.8pt\relax \fontdimen
(fontspec)             11\font =3.0pt\relax \fontdimen 12\font =7.44pt\relax
(fontspec)             \fontdimen 13\font =0pt\relax 

LaTeX Font Info:    Encoding `OMX' has changed to `TU' for symbol font
(Font)              `largesymbols' in the math version `normal' on input line 3
77.
LaTeX Font Info:    Overwriting symbol font `largesymbols' in version `normal'
(Font)                  OMX/cmex/m/n --> TU/LibertinusMath-Regular.otf(3)/m/n o
n input line 377.
LaTeX Font Info:    Encoding `OMX' has changed to `TU' for symbol font
(Font)              `largesymbols' in the math version `bold' on input line 377
.
LaTeX Font Info:    Overwriting symbol font `largesymbols' in version `bold'
(Font)                  OMX/cmex/m/n --> TU/LibertinusMath-Regular.otf(3)/b/n o
n input line 377.
LaTeX Font Info:    Redeclaring math version `bold' on input line 379.

Package fontspec Info: Font family 'LibertinusMath-Regular.otf(4)' created for
(fontspec)             font 'LibertinusMath-Regular.otf' with options
(fontspec)             [BoldItalicFont={},ItalicFont={},SmallCapsFont={},Script
=Math,RawFeature={embolden=3}].
(fontspec)              
(fontspec)              This font family consists of the following NFSS
(fontspec)             series/shapes:
(fontspec)              
(fontspec)             - 'normal' (m/n) with NFSS spec.:
(fontspec)             <->"[LibertinusMath-Regular.otf]/OT:script=math;language
=dflt;embolden=3;"
(fontspec)             - 'small caps'  (m/sc) with NFSS spec.: 

Requested font "[LibertinusMath-Regular.otf]/OT:script=math;language=dflt;embol
den=3;" at 12.0pt
 -> /usr/local/texlive/2024/texmf-dist/fonts/opentype/public/libertinus-fonts/L
ibertinusMath-Regular.otf

Package fontspec Info: Font family 'LibertinusMath-Regular.otf(5)' created for
(fontspec)             font 'LibertinusMath-Regular.otf' with options
(fontspec)             [BoldItalicFont={},ItalicFont={},SmallCapsFont={},Script
=Math,SizeFeatures={{Size=10.8-},{Size=8.4-10.8,Font=LibertinusMath-Regular.otf
,Style=MathScript},{Size=-8.4,Font=LibertinusMath-Regular.otf,Style=MathScriptS
cript}},RawFeature={embolden=3}].
(fontspec)              
(fontspec)              This font family consists of the following NFSS
(fontspec)             series/shapes:
(fontspec)              
(fontspec)             - 'normal' (m/n) with NFSS spec.:
(fontspec)             <10.8->"[LibertinusMath-Regular.otf]/OT:script=math;lang
uage=dflt;embolden=3;"<8.4-10.8>"[LibertinusMath-Regular.otf]/OT:script=math;la
nguage=dflt;embolden=3;+ssty=0;"<-8.4>"[LibertinusMath-Regular.otf]/OT:script=m
ath;language=dflt;embolden=3;+ssty=1;"
(fontspec)             - 'small caps'  (m/sc) with NFSS spec.: 

LaTeX Font Info:    Encoding `OT1' has changed to `TU' for symbol font
(Font)              `operators' in the math version `bold' on input line 379.
LaTeX Font Info:    Overwriting symbol font `operators' in version `bold'
(Font)                  OT1/cmr/m/n --> TU/LibertinusMath-Regular.otf(5)/m/n on
 input line 379.

Package fontspec Info: LibertinusMath-Regular scale = 1.0001.


Package fontspec Info: LibertinusMath-Regular scale = 1.0001.


Package fontspec Info: LibertinusMath-Regular scale = 1.0001.


Package fontspec Info: LibertinusMath-Regular scale = 1.0001.


Package fontspec Info: Font family 'LibertinusMath-Regular.otf(6)' created for
(fontspec)             font 'LibertinusMath-Regular.otf' with options
(fontspec)             [BoldItalicFont={},ItalicFont={},SmallCapsFont={},Script
=Math,SizeFeatures={{Size=10.8-},{Size=8.4-10.8,Font=LibertinusMath-Regular.otf
,Style=MathScript},{Size=-8.4,Font=LibertinusMath-Regular.otf,Style=MathScriptS
cript}},RawFeature={embolden=3},ScaleAgain=1.0001,FontAdjustment={\fontdimen
(fontspec)             8\font =6.96pt\relax \fontdimen 9\font =5.76pt\relax
(fontspec)             \fontdimen 10\font =5.64pt\relax \fontdimen 11\font
(fontspec)             =8.4pt\relax \fontdimen 12\font =5.76pt\relax
(fontspec)             \fontdimen 13\font =4.5pt\relax \fontdimen 14\font
(fontspec)             =4.5pt\relax \fontdimen 15\font =3.72pt\relax
(fontspec)             \fontdimen 16\font =2.52pt\relax \fontdimen 17\font
(fontspec)             =2.52pt\relax \fontdimen 18\font =2.76pt\relax
(fontspec)             \fontdimen 19\font =0.54pt\relax \fontdimen 22\font
(fontspec)             =3.12pt\relax \fontdimen 20\font =0pt\relax \fontdimen
(fontspec)             21\font =0pt\relax }].
(fontspec)              
(fontspec)              This font family consists of the following NFSS
(fontspec)             series/shapes:
(fontspec)              
(fontspec)             - 'normal' (m/n) with NFSS spec.:
(fontspec)             <10.8->s*[1.0001]"[LibertinusMath-Regular.otf]/OT:script
=math;language=dflt;embolden=3;"<8.4-10.8>s*[1.0001]"[LibertinusMath-Regular.ot
f]/OT:script=math;language=dflt;embolden=3;+ssty=0;"<-8.4>s*[1.0001]"[Libertinu
sMath-Regular.otf]/OT:script=math;language=dflt;embolden=3;+ssty=1;"
(fontspec)             - 'small caps'  (m/sc) with NFSS spec.: 
(fontspec)             and font adjustment code:
(fontspec)             \fontdimen 8\font =6.96pt\relax \fontdimen 9\font
(fontspec)             =5.76pt\relax \fontdimen 10\font =5.64pt\relax
(fontspec)             \fontdimen 11\font =8.4pt\relax \fontdimen 12\font
(fontspec)             =5.76pt\relax \fontdimen 13\font =4.5pt\relax
(fontspec)             \fontdimen 14\font =4.5pt\relax \fontdimen 15\font
(fontspec)             =3.72pt\relax \fontdimen 16\font =2.52pt\relax
(fontspec)             \fontdimen 17\font =2.52pt\relax \fontdimen 18\font
(fontspec)             =2.76pt\relax \fontdimen 19\font =0.54pt\relax
(fontspec)             \fontdimen 22\font =3.12pt\relax \fontdimen 20\font
(fontspec)             =0pt\relax \fontdimen 21\font =0pt\relax 

LaTeX Font Info:    Encoding `OMS' has changed to `TU' for symbol font
(Font)              `symbols' in the math version `bold' on input line 379.
LaTeX Font Info:    Overwriting symbol font `symbols' in version `bold'
(Font)                  OMS/cmsy/m/n --> TU/LibertinusMath-Regular.otf(6)/m/n o
n input line 379.

Package fontspec Info: LibertinusMath-Regular scale = 0.9999.


Package fontspec Info: LibertinusMath-Regular scale = 0.9999.


Package fontspec Info: LibertinusMath-Regular scale = 0.9999.


Package fontspec Info: LibertinusMath-Regular scale = 0.9999.


Package fontspec Info: Font family 'LibertinusMath-Regular.otf(7)' created for
(fontspec)             font 'LibertinusMath-Regular.otf' with options
(fontspec)             [BoldItalicFont={},ItalicFont={},SmallCapsFont={},Script
=Math,SizeFeatures={{Size=10.8-},{Size=8.4-10.8,Font=LibertinusMath-Regular.otf
,Style=MathScript},{Size=-8.4,Font=LibertinusMath-Regular.otf,Style=MathScriptS
cript}},RawFeature={embolden=3},ScaleAgain=0.9999,FontAdjustment={\fontdimen
(fontspec)             8\font =0.78pt\relax \fontdimen 9\font =1.8pt\relax
(fontspec)             \fontdimen 10\font =1.8pt\relax \fontdimen 11\font
(fontspec)             =3.0pt\relax \fontdimen 12\font =7.44pt\relax
(fontspec)             \fontdimen 13\font =0pt\relax }].
(fontspec)              
(fontspec)              This font family consists of the following NFSS
(fontspec)             series/shapes:
(fontspec)              
(fontspec)             - 'normal' (m/n) with NFSS spec.:
(fontspec)             <10.8->s*[0.9999]"[LibertinusMath-Regular.otf]/OT:script
=math;language=dflt;embolden=3;"<8.4-10.8>s*[0.9999]"[LibertinusMath-Regular.ot
f]/OT:script=math;language=dflt;embolden=3;+ssty=0;"<-8.4>s*[0.9999]"[Libertinu
sMath-Regular.otf]/OT:script=math;language=dflt;embolden=3;+ssty=1;"
(fontspec)             - 'small caps'  (m/sc) with NFSS spec.: 
(fontspec)             and font adjustment code:
(fontspec)             \fontdimen 8\font =0.78pt\relax \fontdimen 9\font
(fontspec)             =1.8pt\relax \fontdimen 10\font =1.8pt\relax \fontdimen
(fontspec)             11\font =3.0pt\relax \fontdimen 12\font =7.44pt\relax
(fontspec)             \fontdimen 13\font =0pt\relax 

LaTeX Font Info:    Encoding `OMX' has changed to `TU' for symbol font
(Font)              `largesymbols' in the math version `bold' on input line 379
.
LaTeX Font Info:    Overwriting symbol font `largesymbols' in version `bold'
(Font)                  OMX/cmex/m/n --> TU/LibertinusMath-Regular.otf(7)/m/n o
n input line 379.
Requested font "[LinBiolinum_K.otf]" scaled 1000
 -> /usr/local/texlive/2024/texmf-dist/fonts/opentype/public/libertine/LinBioli
num_K.otf
Requested font "[LibertinusKeyboard-Regular.otf]" scaled 1000
 -> /usr/local/texlive/2024/texmf-dist/fonts/opentype/public/libertinus-fonts/L
ibertinusKeyboard-Regular.otf
Requested font "[LibertinusSerifDisplay-Regular.otf]/OT" at 11.99997pt
 -> /usr/local/texlive/2024/texmf-dist/fonts/opentype/public/libertinus-fonts/L
ibertinusSerifDisplay-Regular.otf
Requested font "[LibertinusSerifDisplay-Regular.otf]/OT" at 12.00003pt
 -> /usr/local/texlive/2024/texmf-dist/fonts/opentype/public/libertinus-fonts/L
ibertinusSerifDisplay-Regular.otf
Requested font "[LibertinusSerifDisplay-Regular.otf]/OT:script=latn;language=df
lt;" at 12.00003pt
 -> /usr/local/texlive/2024/texmf-dist/fonts/opentype/public/libertinus-fonts/L
ibertinusSerifDisplay-Regular.otf

Package fontspec Info: Font family 'LibertinusSerifDisplay-Regular.otf(0)'
(fontspec)             created for font 'LibertinusSerifDisplay-Regular.otf'
(fontspec)             with options [].
(fontspec)              
(fontspec)              This font family consists of the following NFSS
(fontspec)             series/shapes:
(fontspec)              
(fontspec)             - 'normal' (m/n) with NFSS spec.:
(fontspec)             <->"[LibertinusSerifDisplay-Regular.otf]/OT:script=latn;
language=dflt;"
(fontspec)             - 'small caps'  (m/sc) with NFSS spec.: 

Requested font "[LibertinusSerifInitials-Regular.otf]/OT" at 11.99997pt
 -> /usr/local/texlive/2024/texmf-dist/fonts/opentype/public/libertinus-fonts/L
ibertinusSerifInitials-Regular.otf
Requested font "[LibertinusSerifInitials-Regular.otf]/OT" at 12.00003pt
 -> /usr/local/texlive/2024/texmf-dist/fonts/opentype/public/libertinus-fonts/L
ibertinusSerifInitials-Regular.otf
Requested font "[LibertinusSerifInitials-Regular.otf]/OT:language=dflt;" at 12.
00003pt
 -> /usr/local/texlive/2024/texmf-dist/fonts/opentype/public/libertinus-fonts/L
ibertinusSerifInitials-Regular.otf

Package fontspec Info: Font family 'LibertinusSerifInitials-Regular.otf(0)'
(fontspec)             created for font 'LibertinusSerifInitials-Regular.otf'
(fontspec)             with options [].
(fontspec)              
(fontspec)              This font family consists of the following NFSS
(fontspec)             series/shapes:
(fontspec)              
(fontspec)             - 'normal' (m/n) with NFSS spec.:
(fontspec)             <->"[LibertinusSerifInitials-Regular.otf]/OT:language=df
lt;"
(fontspec)             - 'small caps'  (m/sc) with NFSS spec.: 

))
Requested font "[./KoPubWorldBatang Light.ttf]/OT" at 11.99997pt
 -> ./KoPubWorldBatang Light.ttf
Requested font "[./KoPubWorldBatang Light.ttf]/OT" at 12.00003pt
 -> ./KoPubWorldBatang Light.ttf
Requested font "[./KoPubWorldBatang Light.ttf]/OT:script=latn;language=dflt;" a
t 12.00003pt
 -> ./KoPubWorldBatang Light.ttf
Requested font "[./KoPubWorldBatang Medium.ttf]/OT:script=latn;language=dflt;" 
at 12.00003pt
 -> ./KoPubWorldBatang Medium.ttf

Package fontspec Info: Font family 'KoPubWorld(0)' created for font
(fontspec)             'KoPubWorld' with options
(fontspec)             [Ligatures=TeX,Path={./},UprightFont={*Batang
(fontspec)             Light.ttf},BoldFont={*Batang Medium.ttf}].
(fontspec)              
(fontspec)              This font family consists of the following NFSS
(fontspec)             series/shapes:
(fontspec)              
(fontspec)             - 'normal' (m/n) with NFSS spec.:
(fontspec)             <->"[./KoPubWorldBatang
(fontspec)             Light.ttf]/OT:script=latn;language=dflt;mapping=tex-text
;"
(fontspec)             - 'small caps'  (m/sc) with NFSS spec.: 
(fontspec)             - 'bold' (b/n) with NFSS spec.: <->"[./KoPubWorldBatang
(fontspec)             Medium.ttf]/OT:script=latn;language=dflt;mapping=tex-tex
t;"
(fontspec)             - 'bold small caps'  (b/sc) with NFSS spec.: 

Requested font "[./KoPubWorldBatang Light.ttf]/OT:script=latn;language=dflt;map
ping=tex-text;" at 12.0pt
 -> ./KoPubWorldBatang Light.ttf
Requested font "[./KoPubWorldDotum Medium.ttf]/OT" at 11.99997pt
 -> ./KoPubWorldDotum Medium.ttf
Requested font "[./KoPubWorldDotum Medium.ttf]/OT" at 12.00003pt
 -> ./KoPubWorldDotum Medium.ttf
Requested font "[./KoPubWorldDotum Medium.ttf]/OT:script=latn;language=dflt;" a
t 12.00003pt
 -> ./KoPubWorldDotum Medium.ttf

Package fontspec Info: Font family 'KoPubWorld(1)' created for font
(fontspec)             'KoPubWorld' with options [Path = ./,UprightFont =
(fontspec)             *Dotum Medium.ttf].
(fontspec)              
(fontspec)              This font family consists of the following NFSS
(fontspec)             series/shapes:
(fontspec)              
(fontspec)             - 'normal' (m/n) with NFSS spec.:
(fontspec)             <->"[./KoPubWorldDotum
(fontspec)             Medium.ttf]/OT:script=latn;language=dflt;"
(fontspec)             - 'small caps'  (m/sc) with NFSS spec.: 


Package fontspec Info: Font family 'KoPubWorld(2)' created for font
(fontspec)             'KoPubWorld' with options
(fontspec)             [Path={./},UprightFont={*Dotum Medium.ttf}].
(fontspec)              
(fontspec)              This font family consists of the following NFSS
(fontspec)             series/shapes:
(fontspec)              
(fontspec)             - 'normal' (m/n) with NFSS spec.:
(fontspec)             <->"[./KoPubWorldDotum
(fontspec)             Medium.ttf]/OT:script=latn;language=dflt;"
(fontspec)             - 'small caps'  (m/sc) with NFSS spec.: 

 (/usr/local/texlive/2024/texmf-dist/tex/latex/geometry/geometry.sty
Package: geometry 2020/01/02 v5.9 Page Geometry

(/usr/local/texlive/2024/texmf-dist/tex/generic/iftex/ifvtex.sty
Package: ifvtex 2019/10/25 v1.7 ifvtex legacy package. Use iftex instead.
)
\Gm@cnth=\count292
\Gm@cntv=\count293
\c@Gm@tempcnt=\count294
\Gm@bindingoffset=\dimen155
\Gm@wd@mp=\dimen156
\Gm@odd@mp=\dimen157
\Gm@even@mp=\dimen158
\Gm@layoutwidth=\dimen159
\Gm@layoutheight=\dimen160
\Gm@layouthoffset=\dimen161
\Gm@layoutvoffset=\dimen162
\Gm@dimlist=\toks26


! Package xkeyval Error: `A4paper' undefined in families `Gm'.

See the xkeyval package documentation for explanation.
Type  H <return>  for immediate help.
 ...                                              
                                                  
l.1005 \ProcessOptionsKV[p]{Gm}
                               %
? 
) (/usr/local/texlive/2024/texmf-dist/tex/latex/setspace/setspace.sty
Package: setspace 2022/12/04 v6.7b set line spacing
)
(/usr/local/texlive/2024/texmf-dist/tex/latex/titlesec/titlesec.sty
Package: titlesec 2023/10/27 v2.16 Sectioning titles
\ttl@box=\box56
\beforetitleunit=\skip54
\aftertitleunit=\skip55
\ttl@plus=\dimen163
\ttl@minus=\dimen164
\ttl@toksa=\toks27
\titlewidth=\dimen165
\titlewidthlast=\dimen166
\titlewidthfirst=\dimen167
)
(/usr/local/texlive/2024/texmf-dist/tex/latex/chngcntr/chngcntr.sty
Package: chngcntr 2018/04/09 v1.1a change counter resetting
Package chngcntr Info: \counterwithout already defined.
(chngcntr)             Quitting chngcntr on input line 21.
)
(/usr/local/texlive/2024/texmf-dist/tex/latex/etoolbox/etoolbox.sty
Package: etoolbox 2020/10/05 v2.5k e-TeX tools for LaTeX (JAW)
\etb@tempcnta=\count295
)
(/usr/local/texlive/2024/texmf-dist/tex/latex/amsfonts/amssymb.sty
Package: amssymb 2013/01/14 v3.01 AMS font symbols

(/usr/local/texlive/2024/texmf-dist/tex/latex/amsfonts/amsfonts.sty
Package: amsfonts 2013/01/14 v3.01 Basic AMSFonts support
\symAMSa=\mathgroup4
\symAMSb=\mathgroup5
LaTeX Font Info:    Redeclaring math delimiter \ulcorner on input line 74.
LaTeX Font Info:    Redeclaring math delimiter \urcorner on input line 75.
LaTeX Font Info:    Redeclaring math delimiter \llcorner on input line 76.
LaTeX Font Info:    Redeclaring math delimiter \lrcorner on input line 77.
LaTeX Font Info:    Redeclaring math symbol \hbar on input line 98.
)

! LaTeX Error: Command `\eth' already defined.

See the LaTeX manual or LaTeX Companion for explanation.
Type  H <return>  for immediate help.
 ...                                              
                                                  
l.240 ...ol{\eth}            {\mathord}{AMSb}{"67}
                                                  
? 

! LaTeX Error: Command `\smallsetminus' already defined.

See the LaTeX manual or LaTeX Companion for explanation.
Type  H <return>  for immediate help.
 ...                                              
                                                  
l.251 ...ol{\smallsetminus}  {\mathbin}{AMSb}{"72}
                                                  
? 

! LaTeX Error: Command `\digamma' already defined.

See the LaTeX manual or LaTeX Companion for explanation.
Type  H <return>  for immediate help.
 ...                                              
                                                  
l.259 ...ol{\digamma}        {\mathord}{AMSb}{"7A}
                                                  
? 

! LaTeX Error: Command `\backepsilon' already defined.

See the LaTeX manual or LaTeX Companion for explanation.
Type  H <return>  for immediate help.
 ...                                              
                                                  
l.265 ...ol{\backepsilon}    {\mathrel}{AMSb}{"7F}
                                                  
? 
) (/usr/local/texlive/2024/texmf-dist/tex/latex/amscls/amsthm.sty
Package: amsthm 2020/05/29 v2.20.6
\thm@style=\toks28
\thm@bodyfont=\toks29
\thm@headfont=\toks30
\thm@notefont=\toks31
\thm@headpunct=\toks32
\thm@preskip=\skip56
\thm@postskip=\skip57
\thm@headsep=\skip58
\dth@everypar=\toks33
)
(/usr/local/texlive/2024/texmf-dist/tex/latex/mathtools/mathtools.sty
Package: mathtools 2024/03/11 v1.30 mathematical typesetting tools

(/usr/local/texlive/2024/texmf-dist/tex/latex/tools/calc.sty
Package: calc 2023/07/08 v4.3 Infix arithmetic (KKT,FJ)
\calc@Acount=\count296
\calc@Bcount=\count297
\calc@Adimen=\dimen168
\calc@Bdimen=\dimen169
\calc@Askip=\skip59
\calc@Bskip=\skip60
LaTeX Info: Redefining \setlength on input line 80.
LaTeX Info: Redefining \addtolength on input line 81.
\calc@Ccount=\count298
\calc@Cskip=\skip61
)
(/usr/local/texlive/2024/texmf-dist/tex/latex/mathtools/mhsetup.sty
Package: mhsetup 2021/03/18 v1.4 programming setup (MH)
)

Package mathtools Warning: For best results, please load mathtools *before* 
(mathtools)                unicode-math on input line 127.

\g_MT_multlinerow_int=\count299
\l_MT_multwidth_dim=\dimen170
\origjot=\skip62
\l_MT_shortvdotswithinadjustabove_dim=\dimen171
\l_MT_shortvdotswithinadjustbelow_dim=\dimen172
\l_MT_above_intertext_sep=\dimen173
\l_MT_below_intertext_sep=\dimen174
\l_MT_above_shortintertext_sep=\dimen175
\l_MT_below_shortintertext_sep=\dimen176
\xmathstrut@box=\box57
\xmathstrut@dim=\dimen177
) (/usr/local/texlive/2024/texmf-dist/tex/latex/graphics/graphicx.sty
Package: graphicx 2021/09/16 v1.2d Enhanced LaTeX Graphics (DPC,SPQR)

(/usr/local/texlive/2024/texmf-dist/tex/latex/graphics/graphics.sty
Package: graphics 2022/03/10 v1.4e Standard LaTeX Graphics (DPC,SPQR)

(/usr/local/texlive/2024/texmf-dist/tex/latex/graphics/trig.sty
Package: trig 2021/08/11 v1.11 sin cos tan (DPC)
)
(/usr/local/texlive/2024/texmf-dist/tex/latex/graphics-cfg/graphics.cfg
File: graphics.cfg 2016/06/04 v1.11 sample graphics configuration
)
Package graphics Info: Driver file: xetex.def on input line 107.

(/usr/local/texlive/2024/texmf-dist/tex/latex/graphics-def/xetex.def
File: xetex.def 2022/09/22 v5.0n Graphics/color driver for xetex
))
\Gin@req@height=\dimen178
\Gin@req@width=\dimen179
)
(/usr/local/texlive/2024/texmf-dist/tex/latex/enumitem/enumitem.sty
Package: enumitem 2019/06/20 v3.9 Customized lists
\enitkv@toks@=\toks34
\labelindent=\skip63
\enit@outerparindent=\dimen180
\enit@toks=\toks35
\enit@inbox=\box58
\enit@count@id=\count300
\enitdp@description=\count301
)
(/usr/local/texlive/2024/texmf-dist/tex/latex/tools/tabularx.sty
Package: tabularx 2023/07/08 v2.11c `tabularx' package (DPC)

(/usr/local/texlive/2024/texmf-dist/tex/latex/tools/array.sty
Package: array 2023/10/16 v2.5g Tabular extension package (FMi)
\col@sep=\dimen181
\ar@mcellbox=\box59
\extrarowheight=\dimen182
\NC@list=\toks36
\extratabsurround=\skip64
\backup@length=\skip65
\ar@cellbox=\box60
)
\TX@col@width=\dimen183
\TX@old@table=\dimen184
\TX@old@col=\dimen185
\TX@target=\dimen186
\TX@delta=\dimen187
\TX@cols=\count302
\TX@ftn=\toks37
)
(/usr/local/texlive/2024/texmf-dist/tex/latex/booktabs/booktabs.sty
Package: booktabs 2020/01/12 v1.61803398 Publication quality tables
\heavyrulewidth=\dimen188
\lightrulewidth=\dimen189
\cmidrulewidth=\dimen190
\belowrulesep=\dimen191
\belowbottomsep=\dimen192
\aboverulesep=\dimen193
\abovetopsep=\dimen194
\cmidrulesep=\dimen195
\cmidrulekern=\dimen196
\defaultaddspace=\dimen197
\@cmidla=\count303
\@cmidlb=\count304
\@aboverulesep=\dimen198
\@belowrulesep=\dimen199
\@thisruleclass=\count305
\@lastruleclass=\count306
\@thisrulewidth=\dimen256
)
(/usr/local/texlive/2024/texmf-dist/tex/latex/footmisc/footmisc.sty
Package: footmisc 2023/07/05 v6.0f a miscellany of footnote facilities
\FN@temptoken=\toks38
\footnotemargin=\dimen257
\@outputbox@depth=\dimen258
Package footmisc Info: Declaring symbol style bringhurst on input line 696.
Package footmisc Info: Declaring symbol style chicago on input line 704.
Package footmisc Info: Declaring symbol style wiley on input line 713.
Package footmisc Info: Declaring symbol style lamport-robust on input line 724.

Package footmisc Info: Declaring symbol style lamport* on input line 744.
Package footmisc Info: Declaring symbol style lamport*-robust on input line 765
.
)
(/usr/local/texlive/2024/texmf-dist/tex/latex/csquotes/csquotes.sty
Package: csquotes 2022-09-14 v5.2n context-sensitive quotations (JAW)
\csq@reset=\count307
\csq@gtype=\count308
\csq@glevel=\count309
\csq@qlevel=\count310
\csq@maxlvl=\count311
\csq@tshold=\count312
\csq@ltx@everypar=\toks39

(/usr/local/texlive/2024/texmf-dist/tex/latex/csquotes/csquotes.def
File: csquotes.def 2022-09-14 v5.2n csquotes generic definitions (JAW)
)
Package csquotes Info: Trying to load configuration file 'csquotes.cfg'...
Package csquotes Info: ... configuration file loaded successfully.

(/usr/local/texlive/2024/texmf-dist/tex/latex/csquotes/csquotes.cfg
File: csquotes.cfg 
))
(/usr/local/texlive/2024/texmf-dist/tex/latex/hyperref/hyperref.sty
Package: hyperref 2024-01-20 v7.01h Hypertext links for LaTeX

(/usr/local/texlive/2024/texmf-dist/tex/latex/kvsetkeys/kvsetkeys.sty
Package: kvsetkeys 2022-10-05 v1.19 Key value parser (HO)
)
(/usr/local/texlive/2024/texmf-dist/tex/generic/kvdefinekeys/kvdefinekeys.sty
Package: kvdefinekeys 2019-12-19 v1.6 Define keys (HO)
)
(/usr/local/texlive/2024/texmf-dist/tex/generic/pdfescape/pdfescape.sty
Package: pdfescape 2019/12/09 v1.15 Implements pdfTeX's escape features (HO)

(/usr/local/texlive/2024/texmf-dist/tex/generic/ltxcmds/ltxcmds.sty
Package: ltxcmds 2023-12-04 v1.26 LaTeX kernel commands for general use (HO)
)
(/usr/local/texlive/2024/texmf-dist/tex/generic/pdftexcmds/pdftexcmds.sty
Package: pdftexcmds 2020-06-27 v0.33 Utility functions of pdfTeX for LuaTeX (HO
)

(/usr/local/texlive/2024/texmf-dist/tex/generic/infwarerr/infwarerr.sty
Package: infwarerr 2019/12/03 v1.5 Providing info/warning/error messages (HO)
)
Package pdftexcmds Info: \pdf@primitive is available.
Package pdftexcmds Info: \pdf@ifprimitive is available.
Package pdftexcmds Info: \pdfdraftmode not found.
))
(/usr/local/texlive/2024/texmf-dist/tex/latex/hycolor/hycolor.sty
Package: hycolor 2020-01-27 v1.10 Color options for hyperref/bookmark (HO)
)
(/usr/local/texlive/2024/texmf-dist/tex/latex/auxhook/auxhook.sty
Package: auxhook 2019-12-17 v1.6 Hooks for auxiliary files (HO)
)
(/usr/local/texlive/2024/texmf-dist/tex/latex/hyperref/nameref.sty
Package: nameref 2023-11-26 v2.56 Cross-referencing by name of section

(/usr/local/texlive/2024/texmf-dist/tex/latex/refcount/refcount.sty
Package: refcount 2019/12/15 v3.6 Data extraction from label references (HO)
)
(/usr/local/texlive/2024/texmf-dist/tex/generic/gettitlestring/gettitlestring.s
ty
Package: gettitlestring 2019/12/15 v1.6 Cleanup title references (HO)
 (/usr/local/texlive/2024/texmf-dist/tex/latex/kvoptions/kvoptions.sty
Package: kvoptions 2022-06-15 v3.15 Key value format for package options (HO)
))
\c@section@level=\count313
)
\@linkdim=\dimen259
\Hy@linkcounter=\count314
\Hy@pagecounter=\count315

(/usr/local/texlive/2024/texmf-dist/tex/latex/hyperref/pd1enc.def
File: pd1enc.def 2024-01-20 v7.01h Hyperref: PDFDocEncoding definition (HO)
)
(/usr/local/texlive/2024/texmf-dist/tex/generic/intcalc/intcalc.sty
Package: intcalc 2019/12/15 v1.3 Expandable calculations with integers (HO)
)
\Hy@SavedSpaceFactor=\count316

(/usr/local/texlive/2024/texmf-dist/tex/latex/hyperref/puenc.def
File: puenc.def 2024-01-20 v7.01h Hyperref: PDF Unicode definition (HO)
)
Package hyperref Info: Hyper figures OFF on input line 4179.
Package hyperref Info: Link nesting OFF on input line 4184.
Package hyperref Info: Hyper index ON on input line 4187.
Package hyperref Info: Plain pages OFF on input line 4194.
Package hyperref Info: Backreferencing OFF on input line 4199.
Package hyperref Info: Implicit mode ON; LaTeX internals redefined.
Package hyperref Info: Bookmarks ON on input line 4446.
\c@Hy@tempcnt=\count317

(/usr/local/texlive/2024/texmf-dist/tex/latex/url/url.sty
\Urlmuskip=\muskip18
Package: url 2013/09/16  ver 3.4  Verb mode for urls, etc.
)
LaTeX Info: Redefining \url on input line 4784.
\XeTeXLinkMargin=\dimen260
Requested font "pzdr" at 0.00002pt
 -> /usr/local/texlive/2024/texmf-dist/fonts/tfm/adobe/zapfding/pzdr.tfm

(/usr/local/texlive/2024/texmf-dist/tex/generic/bitset/bitset.sty
Package: bitset 2019/12/09 v1.3 Handle bit-vector datatype (HO)

(/usr/local/texlive/2024/texmf-dist/tex/generic/bigintcalc/bigintcalc.sty
Package: bigintcalc 2019/12/15 v1.5 Expandable calculations on big integers (HO
)
))
\Fld@menulength=\count318
\Field@Width=\dimen261
\Fld@charsize=\dimen262
Package hyperref Info: Hyper figures OFF on input line 6063.
Package hyperref Info: Link nesting OFF on input line 6068.
Package hyperref Info: Hyper index ON on input line 6071.
Package hyperref Info: backreferencing OFF on input line 6078.
Package hyperref Info: Link coloring OFF on input line 6083.
Package hyperref Info: Link coloring with OCG OFF on input line 6088.
Package hyperref Info: PDF/A mode OFF on input line 6093.

(/usr/local/texlive/2024/texmf-dist/tex/latex/base/atbegshi-ltx.sty
Package: atbegshi-ltx 2021/01/10 v1.0c Emulation of the original atbegshi
package with kernel methods
)
\Hy@abspage=\count319
\c@Item=\count320
\c@Hfootnote=\count321
)
Package hyperref Info: Driver (autodetected): hxetex.

(/usr/local/texlive/2024/texmf-dist/tex/latex/hyperref/hxetex.def
File: hxetex.def 2024-01-20 v7.01h Hyperref driver for XeTeX

(/usr/local/texlive/2024/texmf-dist/tex/generic/stringenc/stringenc.sty
Package: stringenc 2019/11/29 v1.12 Convert strings between diff. encodings (HO
)
)
\pdfm@box=\box61
\c@Hy@AnnotLevel=\count322
\HyField@AnnotCount=\count323
\Fld@listcount=\count324
\c@bookmark@seq@number=\count325

(/usr/local/texlive/2024/texmf-dist/tex/latex/rerunfilecheck/rerunfilecheck.sty
Package: rerunfilecheck 2022-07-10 v1.10 Rerun checks for auxiliary files (HO)
(/usr/local/texlive/2024/texmf-dist/tex/latex/base/atveryend-ltx.sty
Package: atveryend-ltx 2020/08/19 v1.0a Emulation of the original atveryend pac
kage
with kernel methods
)
(/usr/local/texlive/2024/texmf-dist/tex/generic/uniquecounter/uniquecounter.sty
Package: uniquecounter 2019/12/15 v1.4 Provide unlimited unique counter (HO)
)
Package uniquecounter Info: New unique counter `rerunfilecheck' on input line 2
85.
)
\Hy@SectionHShift=\skip66
) (/usr/local/texlive/2024/texmf-dist/tex/latex/fancyhdr/fancyhdr.sty
Package: fancyhdr 2022/11/09 v4.1 Extensive control of page headers and footers

\f@nch@headwidth=\skip67
\f@nch@O@elh=\skip68
\f@nch@O@erh=\skip69
\f@nch@O@olh=\skip70
\f@nch@O@orh=\skip71
\f@nch@O@elf=\skip72
\f@nch@O@erf=\skip73
\f@nch@O@olf=\skip74
\f@nch@O@orf=\skip75
)
(/usr/local/texlive/2024/texmf-dist/tex/latex/biblatex/biblatex.sty
Package: biblatex 2023/03/05 v3.19 programmable bibliographies (PK/MW)

(/usr/local/texlive/2024/texmf-dist/tex/latex/logreq/logreq.sty
Package: logreq 2010/08/04 v1.0 xml request logger
\lrq@indent=\count326

(/usr/local/texlive/2024/texmf-dist/tex/latex/logreq/logreq.def
File: logreq.def 2010/08/04 v1.0 logreq spec v1.0
))
(/usr/local/texlive/2024/texmf-dist/tex/latex/base/ifthen.sty
Package: ifthen 2022/04/13 v1.1d Standard LaTeX ifthen package (DPC)
)
\c@tabx@nest=\count327
\c@listtotal=\count328
\c@listcount=\count329
\c@liststart=\count330
\c@liststop=\count331
\c@citecount=\count332
\c@citetotal=\count333
\c@multicitecount=\count334
\c@multicitetotal=\count335
\c@instcount=\count336
\c@maxnames=\count337
\c@minnames=\count338
\c@maxitems=\count339
\c@minitems=\count340
\c@citecounter=\count341
\c@maxcitecounter=\count342
\c@savedcitecounter=\count343
\c@uniquelist=\count344
\c@uniquename=\count345
\c@refsection=\count346
\c@refsegment=\count347
\c@maxextratitle=\count348
\c@maxextratitleyear=\count349
\c@maxextraname=\count350
\c@maxextradate=\count351
\c@maxextraalpha=\count352
\c@abbrvpenalty=\count353
\c@highnamepenalty=\count354
\c@lownamepenalty=\count355
\c@maxparens=\count356
\c@parenlevel=\count357
\blx@tempcnta=\count358
\blx@tempcntb=\count359
\blx@tempcntc=\count360
\c@blx@maxsection=\count361
\blx@maxsegment@0=\count362
\blx@notetype=\count363
\blx@parenlevel@text=\count364
\blx@parenlevel@foot=\count365
\blx@sectionciteorder@0=\count366
\blx@sectionciteorderinternal@0=\count367
\blx@entrysetcounter=\count368
\blx@biblioinstance=\count369
\labelnumberwidth=\skip76
\labelalphawidth=\skip77
\biblabelsep=\skip78
\bibitemsep=\skip79
\bibnamesep=\skip80
\bibinitsep=\skip81
\bibparsep=\skip82
\bibhang=\skip83
\blx@bcfin=\read3
\blx@bcfout=\write3
\blx@langwohyphens=\language90
\c@mincomprange=\count370
\c@maxcomprange=\count371
\c@mincompwidth=\count372
Package biblatex Info: Trying to load biblatex default data model...
Package biblatex Info: ... file 'blx-dm.def' found.

(/usr/local/texlive/2024/texmf-dist/tex/latex/biblatex/blx-dm.def
File: blx-dm.def 2023/03/05 v3.19 biblatex localization (PK/MW)
)
Package biblatex Info: Trying to load biblatex style data model...
Package biblatex Info: ... file 'verbose-note.dbx' not found.
Package biblatex Info: Trying to load biblatex custom data model...
Package biblatex Info: ... file 'biblatex-dm.cfg' not found.
\c@afterword=\count373
\c@savedafterword=\count374
\c@annotator=\count375
\c@savedannotator=\count376
\c@author=\count377
\c@savedauthor=\count378
\c@bookauthor=\count379
\c@savedbookauthor=\count380
\c@commentator=\count381
\c@savedcommentator=\count382
\c@editor=\count383
\c@savededitor=\count384
\c@editora=\count385
\c@savededitora=\count386
\c@editorb=\count387
\c@savededitorb=\count388
\c@editorc=\count389
\c@savededitorc=\count390
\c@foreword=\count391
\c@savedforeword=\count392
\c@holder=\count393
\c@savedholder=\count394
\c@introduction=\count395
\c@savedintroduction=\count396
\c@namea=\count397
\c@savednamea=\count398
\c@nameb=\count399
\c@savednameb=\count400
\c@namec=\count401
\c@savednamec=\count402
\c@translator=\count403
\c@savedtranslator=\count404
\c@shortauthor=\count405
\c@savedshortauthor=\count406
\c@shorteditor=\count407
\c@savedshorteditor=\count408
\c@labelname=\count409
\c@savedlabelname=\count410
\c@institution=\count411
\c@savedinstitution=\count412
\c@lista=\count413
\c@savedlista=\count414
\c@listb=\count415
\c@savedlistb=\count416
\c@listc=\count417
\c@savedlistc=\count418
\c@listd=\count419
\c@savedlistd=\count420
\c@liste=\count421
\c@savedliste=\count422
\c@listf=\count423
\c@savedlistf=\count424
\c@location=\count425
\c@savedlocation=\count426
\c@organization=\count427
\c@savedorganization=\count428
\c@origlocation=\count429
\c@savedoriglocation=\count430
\c@origpublisher=\count431
\c@savedorigpublisher=\count432
\c@publisher=\count433
\c@savedpublisher=\count434
\c@language=\count435
\c@savedlanguage=\count436
\c@origlanguage=\count437
\c@savedoriglanguage=\count438
\c@pageref=\count439
\c@savedpageref=\count440
\shorthandwidth=\skip84
\shortjournalwidth=\skip85
\shortserieswidth=\skip86
\shorttitlewidth=\skip87
\shortauthorwidth=\skip88
\shorteditorwidth=\skip89
\locallabelnumberwidth=\skip90
\locallabelalphawidth=\skip91
\localshorthandwidth=\skip92
\localshortjournalwidth=\skip93
\localshortserieswidth=\skip94
\localshorttitlewidth=\skip95
\localshortauthorwidth=\skip96
\localshorteditorwidth=\skip97
Package biblatex Info: Trying to load enhanced support for Unicode engines...
Package biblatex Info: ... file 'blx-unicode.def' found.

(/usr/local/texlive/2024/texmf-dist/tex/latex/biblatex/blx-unicode.def)
Package biblatex Info: Trying to load compatibility code...
Package biblatex Info: ... file 'blx-compat.def' found.

(/usr/local/texlive/2024/texmf-dist/tex/latex/biblatex/blx-compat.def
File: blx-compat.def 2023/03/05 v3.19 biblatex compatibility (PK/MW)
)
Package biblatex Info: Trying to load generic definitions...
Package biblatex Info: ... file 'biblatex.def' found.

(/usr/local/texlive/2024/texmf-dist/tex/latex/biblatex/biblatex.def
File: biblatex.def 2023/03/05 v3.19 biblatex compatibility (PK/MW)
\c@textcitecount=\count441
\c@textcitetotal=\count442
\c@textcitemaxnames=\count443
\c@biburlbigbreakpenalty=\count444
\c@biburlbreakpenalty=\count445
\c@biburlnumpenalty=\count446
\c@biburlucpenalty=\count447
\c@biburllcpenalty=\count448
\biburlbigskip=\muskip19
\biburlnumskip=\muskip20
\biburlucskip=\muskip21
\biburllcskip=\muskip22
\c@smartand=\count449
)
Package biblatex Info: Trying to load bibliography style 'verbose-note'...
Package biblatex Info: ... file 'verbose-note.bbx' found.

(/usr/local/texlive/2024/texmf-dist/tex/latex/biblatex/bbx/verbose-note.bbx
File: verbose-note.bbx 2023/03/05 v3.19 biblatex bibliography style (PK/MW)
Package biblatex Info: Trying to load bibliography style 'authortitle'...
Package biblatex Info: ... file 'authortitle.bbx' found.

(/usr/local/texlive/2024/texmf-dist/tex/latex/biblatex/bbx/authortitle.bbx
File: authortitle.bbx 2023/03/05 v3.19 biblatex bibliography style (PK/MW)
Package biblatex Info: Trying to load bibliography style 'standard'...
Package biblatex Info: ... file 'standard.bbx' found.

(/usr/local/texlive/2024/texmf-dist/tex/latex/biblatex/bbx/standard.bbx
File: standard.bbx 2023/03/05 v3.19 biblatex bibliography style (PK/MW)
\c@bbx:relatedcount=\count450
\c@bbx:relatedtotal=\count451
)))
Package biblatex Info: Trying to load citation style 'verbose-note'...
Package biblatex Info: ... file 'verbose-note.cbx' found.

(/usr/local/texlive/2024/texmf-dist/tex/latex/biblatex/cbx/verbose-note.cbx
File: verbose-note.cbx 2023/03/05 v3.19 biblatex citation style (PK/MW)
Package biblatex Info: Redefining '\cite'.
Package biblatex Info: Redefining '\parencite'.
Package biblatex Info: Redefining '\footcite'.
Package biblatex Info: Redefining '\footcitetext'.
Package biblatex Info: Redefining '\smartcite'.
Package biblatex Info: Redefining '\textcite'.
Package biblatex Info: Redefining '\textcites'.
)
Package biblatex Info: Trying to load configuration file...
Package biblatex Info: ... file 'biblatex.cfg' found.

(/usr/local/texlive/2024/texmf-dist/tex/latex/biblatex/biblatex.cfg
File: biblatex.cfg 
)
Package biblatex Info: XeTeX detected.
(biblatex)             Assuming input encoding 'utf8'.
Package biblatex Info: Document encoding is UTF8 ....
Package biblatex Info: ... and expl3
(biblatex)             2024-02-20 L3 programming layer (loader) 
(biblatex)             is new enough (at least 2020/04/06),
(biblatex)             setting 'casechanger=expl3'.

(/usr/local/texlive/2024/texmf-dist/tex/latex/biblatex/blx-case-expl3.sty
Package: blx-case-expl3 2023/03/05 v3.19 expl3 case changing code for biblatex
))
! Undefined control sequence.
l.79 \frontmatter
                 
? 
Package csquotes Info: Checking for multilingual support...
Package csquotes Info: ... found 'babel' package.
Package csquotes Info: Adjusting default style.
Package csquotes Info: Redefining alias 'default' -> 'english'.
(./Waldron-CoreCase2.aux)
\openout1 = `Waldron-CoreCase2.aux'.

LaTeX Font Info:    Checking defaults for OML/cmm/m/it on input line 87.
LaTeX Font Info:    ... okay on input line 87.
LaTeX Font Info:    Checking defaults for OMS/cmsy/m/n on input line 87.
LaTeX Font Info:    ... okay on input line 87.
LaTeX Font Info:    Checking defaults for OT1/cmr/m/n on input line 87.
LaTeX Font Info:    ... okay on input line 87.
LaTeX Font Info:    Checking defaults for T1/cmr/m/n on input line 87.
LaTeX Font Info:    ... okay on input line 87.
LaTeX Font Info:    Checking defaults for TS1/cmr/m/n on input line 87.
LaTeX Font Info:    ... okay on input line 87.
LaTeX Font Info:    Checking defaults for TU/lmr/m/n on input line 87.
LaTeX Font Info:    ... okay on input line 87.
LaTeX Font Info:    Checking defaults for OMX/cmex/m/n on input line 87.
LaTeX Font Info:    ... okay on input line 87.
LaTeX Font Info:    Checking defaults for U/cmr/m/n on input line 87.
LaTeX Font Info:    ... okay on input line 87.
LaTeX Font Info:    Checking defaults for PD1/pdf/m/n on input line 87.
LaTeX Font Info:    ... okay on input line 87.
LaTeX Font Info:    Checking defaults for PU/pdf/m/n on input line 87.
LaTeX Font Info:    ... okay on input line 87.
LaTeX Font Info:    Font shape `TU/LibertinusSans(0)/m/n' will be
(Font)              scaled to size 12.0pt on input line 87.
Requested font "[LibertinusSans-Regular.otf]/OT:script=latn;language=dflt;+hv-k
ern;+tnum;+lnum;mapping=tex-text;" at 12.0pt
 -> /usr/local/texlive/2024/texmf-dist/fonts/opentype/public/libertinus-fonts/L
ibertinusSans-Regular.otf
Requested font "[UnDotum.ttf]" at 11.99998pt
 -> /usr/local/texlive/2024/texmf-dist/fonts/truetype/public/unfonts-core/UnDot
um.ttf
Requested font "[UnDotum.ttf]/OT" at 11.99997pt
 -> /usr/local/texlive/2024/texmf-dist/fonts/truetype/public/unfonts-core/UnDot
um.ttf
Requested font "[UnDotum.ttf]/OT" at 12.00003pt
 -> /usr/local/texlive/2024/texmf-dist/fonts/truetype/public/unfonts-core/UnDot
um.ttf
Requested font "[UnDotum.ttf]/OT:language=dflt;" at 12.00003pt
 -> /usr/local/texlive/2024/texmf-dist/fonts/truetype/public/unfonts-core/UnDot
um.ttf
Requested font "[UnDotumBold.ttf]/OT:language=dflt;" at 12.00003pt
 -> /usr/local/texlive/2024/texmf-dist/fonts/truetype/public/unfonts-core/UnDot
umBold.ttf

Package fontspec Info: Font family 'UnDotum.ttf(0)' created for font
(fontspec)             'UnDotum.ttf' with options
(fontspec)             [Ligatures=TeX,BoldFont={UnDotumBold.ttf}].
(fontspec)              
(fontspec)              This font family consists of the following NFSS
(fontspec)             series/shapes:
(fontspec)              
(fontspec)             - 'normal' (m/n) with NFSS spec.:
(fontspec)             <->"[UnDotum.ttf]/OT:language=dflt;mapping=tex-text;"
(fontspec)             - 'small caps'  (m/sc) with NFSS spec.: 
(fontspec)             - 'bold' (b/n) with NFSS spec.:
(fontspec)             <->"[UnDotumBold.ttf]/OT:language=dflt;mapping=tex-text;
"
(fontspec)             - 'bold small caps'  (b/sc) with NFSS spec.: 

LaTeX Font Info:    Font shape `TU/LibertinusMono(0)/m/n' will be
(Font)              scaled to size 10.40002pt on input line 87.
Requested font "[LibertinusMono-Regular.otf]/OT:script=latn;language=dflt;exten
d=0.9;+tnum; +lnum;" at 10.40002pt
 -> /usr/local/texlive/2024/texmf-dist/fonts/opentype/public/libertinus-fonts/L
ibertinusMono-Regular.otf

Package fontspec Info: Font family 'UnDotum.ttf(1)' created for font
(fontspec)             'UnDotum.ttf' with options
(fontspec)             [BoldFont={UnDotumBold.ttf}].
(fontspec)              
(fontspec)              This font family consists of the following NFSS
(fontspec)             series/shapes:
(fontspec)              
(fontspec)             - 'normal' (m/n) with NFSS spec.:
(fontspec)             <->"[UnDotum.ttf]/OT:language=dflt;"
(fontspec)             - 'small caps'  (m/sc) with NFSS spec.: 
(fontspec)             - 'bold' (b/n) with NFSS spec.:
(fontspec)             <->"[UnDotumBold.ttf]/OT:language=dflt;"
(fontspec)             - 'bold small caps'  (b/sc) with NFSS spec.: 



Package unicode-math Warning: Using \overbracket and \underbracket from
(unicode-math)                `mathtools' package.
(unicode-math)                 
(unicode-math)                 Use \Uoverbracket and \Uunderbracket for
(unicode-math)                original `unicode-math' definition.


Package unicode-math Warning: I'm going to overwrite the following commands
(unicode-math)                from the `mathtools' package: 
(unicode-math)                 
(unicode-math)                     \dblcolon, \coloneqq, \Coloneqq, \eqqcolon.
(unicode-math)                
(unicode-math)                 
(unicode-math)                 Note that since I won't overwrite the other
(unicode-math)                colon-like commands, using them will lead to
(unicode-math)                inconsistencies.

*geometry* driver: auto-detecting
*geometry* detected driver: xetex
*geometry* verbose mode - [ preamble ] result:
* driver: xetex
* paper: a4paper
* layout: <same size as paper>
* layoutoffset:(h,v)=(0.0pt,0.0pt)
* modes: 
* h-part:(L,W,R)=(72.26999pt, 452.9679pt, 72.26999pt)
* v-part:(T,H,B)=(72.26999pt, 700.50687pt, 72.26999pt)
* \paperwidth=597.50787pt
* \paperheight=845.04684pt
* \textwidth=452.9679pt
* \textheight=700.50687pt
* \oddsidemargin=0.0pt
* \evensidemargin=0.0pt
* \topmargin=-37.0pt
* \headheight=15.0pt
* \headsep=25.0pt
* \topskip=12.0pt
* \footskip=30.0pt
* \marginparwidth=35.0pt
* \marginparsep=10.0pt
* \columnsep=10.0pt
* \skip\footins=10.8pt plus 4.0pt minus 2.0pt
* \hoffset=0.0pt
* \voffset=0.0pt
* \mag=1000
* \@twocolumnfalse
* \@twosidefalse
* \@mparswitchfalse
* \@reversemarginfalse
* (1in=72.27pt=25.4mm, 1cm=28.453pt)

Package hyperref Info: Link coloring OFF on input line 87.
(./Waldron-CoreCase2.out) (./Waldron-CoreCase2.out)
\@outlinefile=\write4
\openout4 = `Waldron-CoreCase2.out'.

Package biblatex Info: Trying to load language 'english'...
Package biblatex Info: ... file 'english.lbx' found.

(/usr/local/texlive/2024/texmf-dist/tex/latex/biblatex/lbx/english.lbx
File: english.lbx 2023/03/05 v3.19 biblatex localization (PK/MW)
)
Package biblatex Info: XeTeX detected.
(biblatex)             Assuming input encoding 'utf8'.
Package biblatex Info: Automatic encoding selection.
(biblatex)             Assuming data encoding 'utf8'.
\openout3 = `Waldron-CoreCase2.bcf'.

Package biblatex Info: Trying to load bibliographic data...
Package biblatex Info: ... file 'Waldron-CoreCase2.bbl' not found.

No file Waldron-CoreCase2.bbl.
Package biblatex Info: Reference section=0 on input line 87.
Package biblatex Info: Reference segment=0 on input line 87.
LaTeX Font Info:    Font shape `TU/LibertinusSerif(0)/m/n' will be
(Font)              scaled to size 24.88pt on input line 93.
Requested font "[LibertinusSerif-Regular.otf]/OT:script=latn;language=dflt;+hv-
kern;+tnum;+lnum;mapping=tex-text;" at 24.88pt
 -> /usr/local/texlive/2024/texmf-dist/fonts/opentype/public/libertinus-fonts/L
ibertinusSerif-Regular.otf
Requested font "[./KoPubWorldBatang Light.ttf]/OT:script=latn;language=dflt;map
ping=tex-text;" at 24.88pt
 -> ./KoPubWorldBatang Light.ttf
LaTeX Font Info:    Font shape `TU/LibertinusSerif(0)/m/sc' will be
(Font)              scaled to size 24.88pt on input line 93.
Requested font "[LibertinusSerif-Regular.otf]/OT:script=latn;language=dflt;+hv-
kern;+tnum;+lnum;+smcp;mapping=tex-text;" at 24.88pt
 -> /usr/local/texlive/2024/texmf-dist/fonts/opentype/public/libertinus-fonts/L
ibertinusSerif-Regular.otf

LaTeX Font Warning: Font shape `TU/KoPubWorld(0)/m/sc' undefined
(Font)              using `TU/KoPubWorld(0)/m/n' instead on input line 93.

LaTeX Font Info:    Font shape `TU/LibertinusSerif(0)/m/sc' will be
(Font)              scaled to size 12.0pt on input line 94.
Requested font "[LibertinusSerif-Regular.otf]/OT:script=latn;language=dflt;+hv-
kern;+tnum;+lnum;+smcp;mapping=tex-text;" at 12.0pt
 -> /usr/local/texlive/2024/texmf-dist/fonts/opentype/public/libertinus-fonts/L
ibertinusSerif-Regular.otf
LaTeX Font Info:    Font shape `TU/LibertinusSerif(0)/m/n' will be
(Font)              scaled to size 10.95pt on input line 95.
Requested font "[LibertinusSerif-Regular.otf]/OT:script=latn;language=dflt;+hv-
kern;+tnum;+lnum;mapping=tex-text;" at 10.95pt
 -> /usr/local/texlive/2024/texmf-dist/fonts/opentype/public/libertinus-fonts/L
ibertinusSerif-Regular.otf
Requested font "[./KoPubWorldBatang Light.ttf]/OT:script=latn;language=dflt;map
ping=tex-text;" at 10.95pt
 -> ./KoPubWorldBatang Light.ttf
[1

]
! Missing } inserted.
<inserted text> 
                }
l.98 \end{titlepage}
                    
? 
LaTeX Font Info:    Font shape `TU/LibertinusSerif(0)/m/n' will be
(Font)              scaled to size 20.74pt on input line 105.
Requested font "[LibertinusSerif-Regular.otf]/OT:script=latn;language=dflt;+hv-
kern;+tnum;+lnum;mapping=tex-text;" at 20.74pt
 -> /usr/local/texlive/2024/texmf-dist/fonts/opentype/public/libertinus-fonts/L
ibertinusSerif-Regular.otf
Requested font "[./KoPubWorldBatang Light.ttf]/OT:script=latn;language=dflt;map
ping=tex-text;" at 20.74pt
 -> ./KoPubWorldBatang Light.ttf
LaTeX Font Info:    Font shape `TU/LibertinusSerif(0)/m/n' will be
(Font)              scaled to size 17.28pt on input line 105.
Requested font "[LibertinusSerif-Regular.otf]/OT:script=latn;language=dflt;+hv-
kern;+tnum;+lnum;mapping=tex-text;" at 17.28pt
 -> /usr/local/texlive/2024/texmf-dist/fonts/opentype/public/libertinus-fonts/L
ibertinusSerif-Regular.otf
Requested font "[./KoPubWorldBatang Light.ttf]/OT:script=latn;language=dflt;map
ping=tex-text;" at 17.28pt
 -> ./KoPubWorldBatang Light.ttf
LaTeX Font Info:    Font shape `TU/LibertinusSerif(0)/m/n' will be
(Font)              scaled to size 14.4pt on input line 105.
Requested font "[LibertinusSerif-Regular.otf]/OT:script=latn;language=dflt;+hv-
kern;+tnum;+lnum;mapping=tex-text;" at 14.4pt
 -> /usr/local/texlive/2024/texmf-dist/fonts/opentype/public/libertinus-fonts/L
ibertinusSerif-Regular.otf
Requested font "[./KoPubWorldBatang Light.ttf]/OT:script=latn;language=dflt;map
ping=tex-text;" at 14.4pt
 -> ./KoPubWorldBatang Light.ttf
Requested font "[LibertinusMath-Regular.otf]/OT:script=math;language=dflt;" at 
14.4pt
 -> /usr/local/texlive/2024/texmf-dist/fonts/opentype/public/libertinus-fonts/L
ibertinusMath-Regular.otf
Requested font "[LibertinusMath-Regular.otf]/OT:script=math;language=dflt;+ssty
=0;" at 10.0pt
 -> /usr/local/texlive/2024/texmf-dist/fonts/opentype/public/libertinus-fonts/L
ibertinusMath-Regular.otf
Requested font "[LibertinusMath-Regular.otf]/OT:script=math;language=dflt;+ssty
=1;" at 7.0pt
 -> /usr/local/texlive/2024/texmf-dist/fonts/opentype/public/libertinus-fonts/L
ibertinusMath-Regular.otf
Requested font "cmmi12" at 14.4pt
 -> /usr/local/texlive/2024/texmf-dist/fonts/tfm/public/cm/cmmi12.tfm
LaTeX Font Info:    Font shape `TU/LibertinusMath-Regular.otf(2)/m/n' will be
(Font)              scaled to size 14.40152pt on input line 105.
Requested font "[LibertinusMath-Regular.otf]/OT:script=math;language=dflt;" at 
14.40152pt
 -> /usr/local/texlive/2024/texmf-dist/fonts/opentype/public/libertinus-fonts/L
ibertinusMath-Regular.otf
LaTeX Font Info:    Font shape `TU/LibertinusMath-Regular.otf(2)/m/n' will be
(Font)              scaled to size 10.00107pt on input line 105.
Requested font "[LibertinusMath-Regular.otf]/OT:script=math;language=dflt;+ssty
=0;" at 10.00107pt
 -> /usr/local/texlive/2024/texmf-dist/fonts/opentype/public/libertinus-fonts/L
ibertinusMath-Regular.otf
LaTeX Font Info:    Font shape `TU/LibertinusMath-Regular.otf(2)/m/n' will be
(Font)              scaled to size 7.00075pt on input line 105.
Requested font "[LibertinusMath-Regular.otf]/OT:script=math;language=dflt;+ssty
=1;" at 7.00075pt
 -> /usr/local/texlive/2024/texmf-dist/fonts/opentype/public/libertinus-fonts/L
ibertinusMath-Regular.otf
LaTeX Font Info:    Font shape `TU/LibertinusMath-Regular.otf(3)/m/n' will be
(Font)              scaled to size 14.39845pt on input line 105.
Requested font "[LibertinusMath-Regular.otf]/OT:script=math;language=dflt;" at 
14.39845pt
 -> /usr/local/texlive/2024/texmf-dist/fonts/opentype/public/libertinus-fonts/L
ibertinusMath-Regular.otf
LaTeX Font Info:    Font shape `TU/LibertinusMath-Regular.otf(3)/m/n' will be
(Font)              scaled to size 9.99893pt on input line 105.
Requested font "[LibertinusMath-Regular.otf]/OT:script=math;language=dflt;+ssty
=0;" at 9.99893pt
 -> /usr/local/texlive/2024/texmf-dist/fonts/opentype/public/libertinus-fonts/L
ibertinusMath-Regular.otf
LaTeX Font Info:    Font shape `TU/LibertinusMath-Regular.otf(3)/m/n' will be
(Font)              scaled to size 6.99925pt on input line 105.
Requested font "[LibertinusMath-Regular.otf]/OT:script=math;language=dflt;+ssty
=1;" at 6.99925pt
 -> /usr/local/texlive/2024/texmf-dist/fonts/opentype/public/libertinus-fonts/L
ibertinusMath-Regular.otf
LaTeX Font Info:    Trying to load font information for U+msa on input line 105
.
(/usr/local/texlive/2024/texmf-dist/tex/latex/amsfonts/umsa.fd
File: umsa.fd 2013/01/14 v3.01 AMS symbols A
)
Requested font "msam10" at 14.4pt
 -> /usr/local/texlive/2024/texmf-dist/fonts/tfm/public/amsfonts/symbols/msam10
.tfm
Requested font "msam10" at 10.0pt
 -> /usr/local/texlive/2024/texmf-dist/fonts/tfm/public/amsfonts/symbols/msam10
.tfm
Requested font "msam7" at 7.0pt
 -> /usr/local/texlive/2024/texmf-dist/fonts/tfm/public/amsfonts/symbols/msam7.
tfm
LaTeX Font Info:    Trying to load font information for U+msb on input line 105
.

(/usr/local/texlive/2024/texmf-dist/tex/latex/amsfonts/umsb.fd
File: umsb.fd 2013/01/14 v3.01 AMS symbols B
)
Requested font "msbm10" at 14.4pt
 -> /usr/local/texlive/2024/texmf-dist/fonts/tfm/public/amsfonts/symbols/msbm10
.tfm
Requested font "msbm10" at 10.0pt
 -> /usr/local/texlive/2024/texmf-dist/fonts/tfm/public/amsfonts/symbols/msbm10
.tfm
Requested font "msbm7" at 7.0pt
 -> /usr/local/texlive/2024/texmf-dist/fonts/tfm/public/amsfonts/symbols/msbm7.
tfm
 [1]
LaTeX Font Info:    Font shape `TU/LibertinusSerif(0)/b/n' will be
(Font)              scaled to size 12.0pt on input line 108.
Requested font "[LibertinusSerif-Bold.otf]/OT:script=latn;language=dflt;+hv-ker
n;+tnum;+lnum;mapping=tex-text;" at 12.0pt
 -> /usr/local/texlive/2024/texmf-dist/fonts/opentype/public/libertinus-fonts/L
ibertinusSerif-Bold.otf
Requested font "[./KoPubWorldBatang Medium.ttf]/OT:script=latn;language=dflt;ma
pping=tex-text;" at 12.0pt
 -> ./KoPubWorldBatang Medium.ttf
 [2]
LaTeX Font Info:    Font shape `TU/LibertinusSerif(0)/b/n' will be
(Font)              scaled to size 17.28pt on input line 141.
Requested font "[LibertinusSerif-Bold.otf]/OT:script=latn;language=dflt;+hv-ker
n;+tnum;+lnum;mapping=tex-text;" at 17.28pt
 -> /usr/local/texlive/2024/texmf-dist/fonts/opentype/public/libertinus-fonts/L
ibertinusSerif-Bold.otf
Requested font "[./KoPubWorldBatang Medium.ttf]/OT:script=latn;language=dflt;ma
pping=tex-text;" at 17.28pt
 -> ./KoPubWorldBatang Medium.ttf

(./Waldron-CoreCase2.toc
Requested font "[LibertinusMath-Regular.otf]/OT:script=math;language=dflt;+ssty
=0;" at 9.6pt
 -> /usr/local/texlive/2024/texmf-dist/fonts/opentype/public/libertinus-fonts/L
ibertinusMath-Regular.otf
Requested font "[LibertinusMath-Regular.otf]/OT:script=math;language=dflt;+ssty
=1;" at 7.2pt
 -> /usr/local/texlive/2024/texmf-dist/fonts/opentype/public/libertinus-fonts/L
ibertinusMath-Regular.otf
Requested font "cmmi12" at 12.0pt
 -> /usr/local/texlive/2024/texmf-dist/fonts/tfm/public/cm/cmmi12.tfm
Requested font "cmmi9" at 9.6pt
 -> /usr/local/texlive/2024/texmf-dist/fonts/tfm/public/cm/cmmi9.tfm
Requested font "cmmi7" at 7.2pt
 -> /usr/local/texlive/2024/texmf-dist/fonts/tfm/public/cm/cmmi7.tfm
LaTeX Font Info:    Font shape `TU/LibertinusMath-Regular.otf(2)/m/n' will be
(Font)              scaled to size 12.00128pt on input line 2.
Requested font "[LibertinusMath-Regular.otf]/OT:script=math;language=dflt;" at 
12.00128pt
 -> /usr/local/texlive/2024/texmf-dist/fonts/opentype/public/libertinus-fonts/L
ibertinusMath-Regular.otf
LaTeX Font Info:    Font shape `TU/LibertinusMath-Regular.otf(2)/m/n' will be
(Font)              scaled to size 9.60103pt on input line 2.
Requested font "[LibertinusMath-Regular.otf]/OT:script=math;language=dflt;+ssty
=0;" at 9.60103pt
 -> /usr/local/texlive/2024/texmf-dist/fonts/opentype/public/libertinus-fonts/L
ibertinusMath-Regular.otf
LaTeX Font Info:    Font shape `TU/LibertinusMath-Regular.otf(2)/m/n' will be
(Font)              scaled to size 7.20076pt on input line 2.
Requested font "[LibertinusMath-Regular.otf]/OT:script=math;language=dflt;+ssty
=1;" at 7.20076pt
 -> /usr/local/texlive/2024/texmf-dist/fonts/opentype/public/libertinus-fonts/L
ibertinusMath-Regular.otf
LaTeX Font Info:    Font shape `TU/LibertinusMath-Regular.otf(3)/m/n' will be
(Font)              scaled to size 11.99872pt on input line 2.
Requested font "[LibertinusMath-Regular.otf]/OT:script=math;language=dflt;" at 
11.99872pt
 -> /usr/local/texlive/2024/texmf-dist/fonts/opentype/public/libertinus-fonts/L
ibertinusMath-Regular.otf
LaTeX Font Info:    Font shape `TU/LibertinusMath-Regular.otf(3)/m/n' will be
(Font)              scaled to size 9.59897pt on input line 2.
Requested font "[LibertinusMath-Regular.otf]/OT:script=math;language=dflt;+ssty
=0;" at 9.59897pt
 -> /usr/local/texlive/2024/texmf-dist/fonts/opentype/public/libertinus-fonts/L
ibertinusMath-Regular.otf
LaTeX Font Info:    Font shape `TU/LibertinusMath-Regular.otf(3)/m/n' will be
(Font)              scaled to size 7.19922pt on input line 2.
Requested font "[LibertinusMath-Regular.otf]/OT:script=math;language=dflt;+ssty
=1;" at 7.19922pt
 -> /usr/local/texlive/2024/texmf-dist/fonts/opentype/public/libertinus-fonts/L
ibertinusMath-Regular.otf
Requested font "msam10" at 12.0pt
 -> /usr/local/texlive/2024/texmf-dist/fonts/tfm/public/amsfonts/symbols/msam10
.tfm
Requested font "msam10" at 9.6pt
 -> /usr/local/texlive/2024/texmf-dist/fonts/tfm/public/amsfonts/symbols/msam10
.tfm
Requested font "msam7" at 7.2pt
 -> /usr/local/texlive/2024/texmf-dist/fonts/tfm/public/amsfonts/symbols/msam7.
tfm
Requested font "msbm10" at 12.0pt
 -> /usr/local/texlive/2024/texmf-dist/fonts/tfm/public/amsfonts/symbols/msbm10
.tfm
Requested font "msbm10" at 9.6pt
 -> /usr/local/texlive/2024/texmf-dist/fonts/tfm/public/amsfonts/symbols/msbm10
.tfm
Requested font "msbm7" at 7.2pt
 -> /usr/local/texlive/2024/texmf-dist/fonts/tfm/public/amsfonts/symbols/msbm7.
tfm
)
\tf@toc=\write5
\openout5 = `Waldron-CoreCase2.toc'.

 [3

]
! Undefined control sequence.
l.145 \mainmatter
                 
? 
LaTeX Font Info:    Font shape `TU/LibertinusSerif(0)/b/n' will be
(Font)              scaled to size 14.4pt on input line 147.
Requested font "[LibertinusSerif-Bold.otf]/OT:script=latn;language=dflt;+hv-ker
n;+tnum;+lnum;mapping=tex-text;" at 14.4pt
 -> /usr/local/texlive/2024/texmf-dist/fonts/opentype/public/libertinus-fonts/L
ibertinusSerif-Bold.otf
Requested font "[./KoPubWorldBatang Medium.ttf]/OT:script=latn;language=dflt;ma
pping=tex-text;" at 14.4pt
 -> ./KoPubWorldBatang Medium.ttf
LaTeX Font Info:    Font shape `TU/LibertinusSerif(0)/m/n' will be
(Font)              scaled to size 9.6pt on input line 156.
Requested font "[LibertinusSerif-Regular.otf]/OT:script=latn;language=dflt;+hv-
kern;+tnum;+lnum;mapping=tex-text;" at 9.6pt
 -> /usr/local/texlive/2024/texmf-dist/fonts/opentype/public/libertinus-fonts/L
ibertinusSerif-Regular.otf
Requested font "[./KoPubWorldBatang Light.ttf]/OT:script=latn;language=dflt;map
ping=tex-text;" at 9.6pt
 -> ./KoPubWorldBatang Light.ttf
LaTeX Font Info:    Font shape `TU/LibertinusSerif(0)/m/n' will be
(Font)              scaled to size 10.0pt on input line 157.
Requested font "[LibertinusSerif-Regular.otf]/OT:script=latn;language=dflt;+hv-
kern;+tnum;+lnum;mapping=tex-text;" at 10.0pt
 -> /usr/local/texlive/2024/texmf-dist/fonts/opentype/public/libertinus-fonts/L
ibertinusSerif-Regular.otf
Requested font "[./KoPubWorldBatang Light.ttf]/OT:script=latn;language=dflt;map
ping=tex-text;" at 10.0pt
 -> ./KoPubWorldBatang Light.ttf
Requested font "[LibertinusMath-Regular.otf]/OT:script=math;language=dflt;+ssty
=1;" at 5.0pt
 -> /usr/local/texlive/2024/texmf-dist/fonts/opentype/public/libertinus-fonts/L
ibertinusMath-Regular.otf
LaTeX Font Info:    Font shape `TU/LibertinusMath-Regular.otf(2)/m/n' will be
(Font)              scaled to size 5.00053pt on input line 157.
Requested font "[LibertinusMath-Regular.otf]/OT:script=math;language=dflt;+ssty
=1;" at 5.00053pt
 -> /usr/local/texlive/2024/texmf-dist/fonts/opentype/public/libertinus-fonts/L
ibertinusMath-Regular.otf
LaTeX Font Info:    Font shape `TU/LibertinusMath-Regular.otf(3)/m/n' will be
(Font)              scaled to size 4.99947pt on input line 157.
Requested font "[LibertinusMath-Regular.otf]/OT:script=math;language=dflt;+ssty
=1;" at 4.99947pt
 -> /usr/local/texlive/2024/texmf-dist/fonts/opentype/public/libertinus-fonts/L
ibertinusMath-Regular.otf
Requested font "msam5" at 5.0pt
 -> /usr/local/texlive/2024/texmf-dist/fonts/tfm/public/amsfonts/symbols/msam5.
tfm
Requested font "msbm5" at 5.0pt
 -> /usr/local/texlive/2024/texmf-dist/fonts/tfm/public/amsfonts/symbols/msbm5.
tfm
LaTeX Font Info:    Font shape `TU/LibertinusSerif(0)/m/n' will be
(Font)              scaled to size 7.0pt on input line 157.
Requested font "[LibertinusSerif-Regular.otf]/OT:script=latn;language=dflt;+hv-
kern;+tnum;+lnum;mapping=tex-text;" at 7.0pt
 -> /usr/local/texlive/2024/texmf-dist/fonts/opentype/public/libertinus-fonts/L
ibertinusSerif-Regular.otf
Requested font "[./KoPubWorldBatang Light.ttf]/OT:script=latn;language=dflt;map
ping=tex-text;" at 7.0pt
 -> ./KoPubWorldBatang Light.ttf
LaTeX Font Info:    Font shape `TU/LibertinusSerif(0)/m/it' will be
(Font)              scaled to size 10.0pt on input line 161.
Requested font "[LibertinusSerif-Italic.otf]/OT:script=latn;language=dflt;+hv-k
ern;+tnum;+lnum;mapping=tex-text;" at 10.0pt
 -> /usr/local/texlive/2024/texmf-dist/fonts/opentype/public/libertinus-fonts/L
ibertinusSerif-Italic.otf

LaTeX Font Warning: Font shape `TU/KoPubWorld(0)/m/it' undefined
(Font)              using `TU/KoPubWorld(0)/m/n' instead on input line 161.

Requested font "[./KoPubWorldDotum Medium.ttf]/OT:script=latn;language=dflt;" a
t 12.0pt
 -> ./KoPubWorldDotum Medium.ttf

LaTeX Font Warning: Font shape `TU/KoPubWorld(1)/m/sl' undefined
(Font)              using `TU/KoPubWorld(1)/m/n' instead on input line 169.


LaTeX Font Warning: Font shape `TU/KoPubWorld(0)/m/sl' undefined
(Font)              using `TU/KoPubWorld(0)/m/n' instead on input line 169.


LaTeX Font Warning: Font shape `TU/KoPubWorld(2)/m/sl' undefined
(Font)              using `TU/KoPubWorld(2)/m/n' instead on input line 169.

LaTeX Font Info:    Font shape `TU/LibertinusSerif(0)/m/it' will be
(Font)              scaled to size 12.0pt on input line 170.
Requested font "[LibertinusSerif-Italic.otf]/OT:script=latn;language=dflt;+hv-k
ern;+tnum;+lnum;mapping=tex-text;" at 12.0pt
 -> /usr/local/texlive/2024/texmf-dist/fonts/opentype/public/libertinus-fonts/L
ibertinusSerif-Italic.otf
[4

] [5] [6] [7]
Requested font "[./KoPubWorldDotum Medium.ttf]/OT:script=latn;language=dflt;" a
t 10.0pt
 -> ./KoPubWorldDotum Medium.ttf
 [8] [9] [10] [11] [12] [13] [14] [15] [16] [17] [18] [19]
[20] [21] [22] [23] [24] [25] [26] [27] [28] [29] [30] [31] [32] [33] [34]
[35] [36] [37] [38] [39] [40] [41] [42] [43] [44] [45] [46] [47] [48] [49]
[50] [51] [52] [53] [54] [55] [56] [57] [58] [59]
! Undefined control sequence.
l.2825 \backmatter
                  
? 
(./Waldron-CoreCase2.aux)
 ***********
LaTeX2e <2023-11-01> patch level 1
L3 programming layer <2024-02-20>
 ***********


LaTeX Font Warning: Some font shapes were not available, defaults substituted.

Package rerunfilecheck Info: File `Waldron-CoreCase2.out' has not changed.
(rerunfilecheck)             Checksum: BC62825F6AC74B0A79A01BA431A5DFE9;4425.
Package logreq Info: Writing requests to 'Waldron-CoreCase2.run.xml'.
\openout1 = `Waldron-CoreCase2.run.xml'.

 ) 
Here is how much of TeX's memory you used:
 30938 strings out of 474773
 567224 string characters out of 5757723
 1991839 words of memory out of 5000000
 52664 multiletter control sequences out of 15000+600000
 564935 words of font info for 150 fonts, out of 8000000 for 9000
 1348 hyphenation exceptions out of 8191
 116i,12n,152p,1162b,3848s stack positions out of 10000i,1000n,20000p,200000b,200000s

Output written on Waldron-CoreCase2.pdf (60 pages).
